,ID,Pred
0,2023_3268_3376,0.29908532
1,2023_3323_3376,0.365685
2,2023_3376_3417,0.71908706
3,2023_3328_3376,0.19866063
4,2023_3166_3376,0.20100285
5,2023_3112_3376,0.22788247
6,2023_3376_3378,0.79850453
7,2023_3266_3376,0.2487895
8,2023_3376_3452,0.85376513
9,2023_3228_3376,0.15336853
10,2023_3280_3376,0.15678623
11,2023_3339_3376,0.10788865
12,2023_3170_3376,0.054349147
13,2023_3376_3381,0.88581103
14,2023_3221_3376,0.056567587
15,2023_3313_3376,0.071838185
16,2023_3376_3390,0.55411816
17,2023_3234_3376,0.30342928
18,2023_3181_3376,0.36419323
19,2023_3376_3400,0.70146227
20,2023_3257_3376,0.2772885
21,2023_3160_3376,0.22854358
22,2023_3199_3376,0.21013442
23,2023_3279_3376,0.21166524
24,2023_3211_3376,0.16021398
25,2023_3208_3376,0.16494146
26,2023_3292_3376,0.10970177
27,2023_3179_3376,0.12580109
28,2023_3187_3376,0.09112084
29,2023_3233_3376,0.07547167
30,2023_3368_3376,0.08532433
31,2023_3357_3376,0.04002291
32,2023_3376_3380,0.9236887
33,2023_3231_3376,0.36839455
34,2023_3376_3428,0.6705524
35,2023_3261_3376,0.29405522
36,2023_3376_3437,0.740203
37,2023_3376_3450,0.7561964
38,2023_3276_3376,0.24392144
39,2023_3301_3376,0.24469529
40,2023_3329_3376,0.18734413
41,2023_3274_3376,0.20977098
42,2023_3343_3376,0.17543876
43,2023_3376_3424,0.89206684
44,2023_3195_3376,0.17039086
45,2023_3156_3376,0.13156828
46,2023_3218_3376,0.09589799
47,2023_3205_3376,0.07128832
48,2023_3284_3376,0.036286354
49,2023_3376_3399,0.9193132
50,2023_3376_3439,0.6604881
51,2023_3163_3376,0.45696747
52,2023_3326_3376,0.28807968
53,2023_3376_3397,0.72483706
54,2023_3235_3376,0.23736407
55,2023_3314_3376,0.26045245
56,2023_3124_3376,0.20579425
57,2023_3376_3425,0.7639805
58,2023_3355_3376,0.2900637
59,2023_3104_3376,0.17269297
60,2023_3345_3376,0.1609257
61,2023_3376_3385,0.87653804
62,2023_3376_3405,0.86720026
63,2023_3376_3387,0.93624187
64,2023_3241_3376,0.08056596
65,2023_3376_3436,0.9072375
66,2023_3151_3376,0.052755408
67,2023_3268_3323,0.4320042
68,2023_3268_3417,0.5049919
69,2023_3268_3328,0.6158869
70,2023_3166_3268,0.3565206
71,2023_3112_3268,0.43732238
72,2023_3268_3378,0.61405027
73,2023_3266_3268,0.43234503
74,2023_3268_3452,0.7265718
75,2023_3228_3268,0.2754256
76,2023_3268_3280,0.69149446
77,2023_3268_3339,0.7972977
78,2023_3170_3268,0.109578125
79,2023_3268_3381,0.7687042
80,2023_3221_3268,0.12202449
81,2023_3268_3313,0.85504276
82,2023_3268_3390,0.37037897
83,2023_3234_3268,0.46955562
84,2023_3181_3268,0.5602914
85,2023_3268_3400,0.498021
86,2023_3257_3268,0.46870065
87,2023_3160_3268,0.39141035
88,2023_3199_3268,0.3589201
89,2023_3268_3279,0.6272057
90,2023_3211_3268,0.31378406
91,2023_3208_3268,0.34534267
92,2023_3268_3292,0.7807522
93,2023_3179_3268,0.246077
94,2023_3187_3268,0.20428157
95,2023_3233_3268,0.15276632
96,2023_3268_3368,0.81586754
97,2023_3268_3357,0.9131743
98,2023_3268_3380,0.8441663
99,2023_3231_3268,0.50980747
100,2023_3268_3428,0.5171499
101,2023_3261_3268,0.48669636
102,2023_3268_3437,0.55286086
103,2023_3268_3450,0.55728054
104,2023_3268_3276,0.58919287
105,2023_3268_3301,0.5649301
106,2023_3268_3329,0.6384039
107,2023_3268_3274,0.6084341
108,2023_3268_3343,0.6640237
109,2023_3268_3424,0.78922915
110,2023_3195_3268,0.29852232
111,2023_3156_3268,0.26368493
112,2023_3218_3268,0.20581453
113,2023_3205_3268,0.13814098
114,2023_3268_3284,0.9186983
115,2023_3268_3399,0.8344029
116,2023_3268_3439,0.52938914
117,2023_3163_3268,0.6171566
118,2023_3268_3326,0.54147327
119,2023_3268_3397,0.50151193
120,2023_3235_3268,0.41000304
121,2023_3268_3314,0.52433693
122,2023_3124_3268,0.35098547
123,2023_3268_3425,0.5717741
124,2023_3268_3355,0.52138674
125,2023_3104_3268,0.28809023
126,2023_3268_3345,0.6922787
127,2023_3268_3385,0.7619104
128,2023_3268_3405,0.751065
129,2023_3268_3387,0.86789775
130,2023_3241_3268,0.16882142
131,2023_3268_3436,0.8240006
132,2023_3151_3268,0.1135655
133,2023_3323_3417,0.5716821
134,2023_3323_3328,0.6824565
135,2023_3166_3323,0.31572556
136,2023_3112_3323,0.3761285
137,2023_3323_3378,0.67052794
138,2023_3266_3323,0.38838336
139,2023_3323_3452,0.76368415
140,2023_3228_3323,0.23324317
141,2023_3280_3323,0.2754229
142,2023_3323_3339,0.82764757
143,2023_3170_3323,0.09941806
144,2023_3323_3381,0.7991086
145,2023_3221_3323,0.10343994
146,2023_3313_3323,0.12603761
147,2023_3323_3390,0.4524064
148,2023_3234_3323,0.4317838
149,2023_3181_3323,0.5231179
150,2023_3323_3400,0.5439443
151,2023_3257_3323,0.43127346
152,2023_3160_3323,0.35416156
153,2023_3199_3323,0.31696185
154,2023_3279_3323,0.30733788
155,2023_3211_3323,0.2664454
156,2023_3208_3323,0.28017175
157,2023_3292_3323,0.1918563
158,2023_3179_3323,0.21661174
159,2023_3187_3323,0.16031563
160,2023_3233_3323,0.1311785
161,2023_3323_3368,0.84773636
162,2023_3323_3357,0.9264357
163,2023_3323_3380,0.87459636
164,2023_3231_3323,0.4785406
165,2023_3323_3428,0.5334713
166,2023_3261_3323,0.44418642
167,2023_3323_3437,0.60961455
168,2023_3323_3450,0.620556
169,2023_3276_3323,0.36724508
170,2023_3301_3323,0.38785255
171,2023_3323_3329,0.7056992
172,2023_3274_3323,0.3359241
173,2023_3323_3343,0.7100764
174,2023_3323_3424,0.8088107
175,2023_3195_3323,0.2817508
176,2023_3156_3323,0.24213447
177,2023_3218_3323,0.17890215
178,2023_3205_3323,0.11925611
179,2023_3284_3323,0.06579766
180,2023_3323_3399,0.85656023
181,2023_3323_3439,0.5420278
182,2023_3163_3323,0.5643175
183,2023_3323_3326,0.5797298
184,2023_3323_3397,0.57034457
185,2023_3235_3323,0.34438425
186,2023_3314_3323,0.41782328
187,2023_3124_3323,0.30750784
188,2023_3323_3425,0.6154239
189,2023_3323_3355,0.5720432
190,2023_3104_3323,0.28398752
191,2023_3323_3345,0.738393
192,2023_3323_3385,0.7977513
193,2023_3323_3405,0.77103865
194,2023_3323_3387,0.8888229
195,2023_3241_3323,0.1445182
196,2023_3323_3436,0.84368944
197,2023_3151_3323,0.09106677
198,2023_3328_3417,0.4012729
199,2023_3166_3417,0.38216776
200,2023_3112_3417,0.43179995
201,2023_3378_3417,0.39998096
202,2023_3266_3417,0.45421606
203,2023_3417_3452,0.70574975
204,2023_3228_3417,0.28282952
205,2023_3280_3417,0.34015447
206,2023_3339_3417,0.22900194
207,2023_3170_3417,0.11877224
208,2023_3381_3417,0.23906213
209,2023_3221_3417,0.1274622
210,2023_3313_3417,0.15985258
211,2023_3390_3417,0.6536337
212,2023_3234_3417,0.4892723
213,2023_3181_3417,0.59166527
214,2023_3400_3417,0.50609875
215,2023_3257_3417,0.48276687
216,2023_3160_3417,0.41855803
217,2023_3199_3417,0.36897385
218,2023_3279_3417,0.3760635
219,2023_3211_3417,0.32434708
220,2023_3208_3417,0.3502043
221,2023_3292_3417,0.22795954
222,2023_3179_3417,0.26029253
223,2023_3187_3417,0.20175183
224,2023_3233_3417,0.16246521
225,2023_3368_3417,0.19497061
226,2023_3357_3417,0.09029224
227,2023_3380_3417,0.1697289
228,2023_3231_3417,0.53104013
229,2023_3417_3428,0.48711547
230,2023_3261_3417,0.50118595
231,2023_3417_3437,0.5346627
232,2023_3417_3450,0.54357666
233,2023_3276_3417,0.44095108
234,2023_3301_3417,0.44286546
235,2023_3329_3417,0.3622981
236,2023_3274_3417,0.40287542
237,2023_3343_3417,0.35211498
238,2023_3417_3424,0.7805054
239,2023_3195_3417,0.3332594
240,2023_3156_3417,0.2606619
241,2023_3218_3417,0.21630512
242,2023_3205_3417,0.14176872
243,2023_3284_3417,0.08023192
244,2023_3399_3417,0.18530875
245,2023_3417_3439,0.491697
246,2023_3163_3417,0.6466736
247,2023_3326_3417,0.47594565
248,2023_3397_3417,0.4984091
249,2023_3235_3417,0.43148106
250,2023_3314_3417,0.48873782
251,2023_3124_3417,0.3642774
252,2023_3417_3425,0.55159557
253,2023_3355_3417,0.48495984
254,2023_3104_3417,0.33400017
255,2023_3345_3417,0.3184499
256,2023_3385_3417,0.25502962
257,2023_3405_3417,0.26455778
258,2023_3387_3417,0.13496146
259,2023_3241_3417,0.17616555
260,2023_3417_3436,0.8018739
261,2023_3151_3417,0.118915945
262,2023_3166_3328,0.48427403
263,2023_3112_3328,0.53425
264,2023_3328_3378,0.47225517
265,2023_3266_3328,0.5086268
266,2023_3328_3452,0.6005337
267,2023_3228_3328,0.41371936
268,2023_3280_3328,0.44700575
269,2023_3328_3339,0.67470396
270,2023_3170_3328,0.21656899
271,2023_3328_3381,0.6071501
272,2023_3221_3328,0.2342532
273,2023_3313_3328,0.2683938
274,2023_3328_3390,0.25964302
275,2023_3234_3328,0.53594506
276,2023_3181_3328,0.6701617
277,2023_3328_3400,0.39012885
278,2023_3257_3328,0.5462897
279,2023_3160_3328,0.5141182
280,2023_3199_3328,0.4824038
281,2023_3279_3328,0.5012319
282,2023_3211_3328,0.47577545
283,2023_3208_3328,0.4704728
284,2023_3292_3328,0.38794476
285,2023_3179_3328,0.40496397
286,2023_3187_3328,0.3500958
287,2023_3233_3328,0.26573774
288,2023_3328_3368,0.70052123
289,2023_3328_3357,0.83397865
290,2023_3328_3380,0.759979
291,2023_3231_3328,0.6372609
292,2023_3328_3428,0.43204185
293,2023_3261_3328,0.5894511
294,2023_3328_3437,0.4176944
295,2023_3328_3450,0.43497336
296,2023_3276_3328,0.52586174
297,2023_3301_3328,0.52194583
298,2023_3328_3329,0.518643
299,2023_3274_3328,0.4881086
300,2023_3328_3343,0.5266528
301,2023_3328_3424,0.6203335
302,2023_3195_3328,0.4307664
303,2023_3156_3328,0.417687
304,2023_3218_3328,0.32459348
305,2023_3205_3328,0.2728637
306,2023_3284_3328,0.15882762
307,2023_3328_3399,0.7006568
308,2023_3328_3439,0.41095257
309,2023_3163_3328,0.72157586
310,2023_3326_3328,0.53446484
311,2023_3328_3397,0.401957
312,2023_3235_3328,0.5167365
313,2023_3314_3328,0.5594053
314,2023_3124_3328,0.4871045
315,2023_3328_3425,0.4798143
316,2023_3328_3355,0.41861725
317,2023_3104_3328,0.38644308
318,2023_3328_3345,0.55976367
319,2023_3328_3385,0.63665307
320,2023_3328_3405,0.5813601
321,2023_3328_3387,0.752904
322,2023_3241_3328,0.3218882
323,2023_3328_3436,0.723398
324,2023_3151_3328,0.20149358
325,2023_3112_3166,0.5281468
326,2023_3166_3378,0.48978078
327,2023_3166_3266,0.47571298
328,2023_3166_3452,0.5860307
329,2023_3166_3228,0.5580747
330,2023_3166_3280,0.55416596
331,2023_3166_3339,0.6468775
332,2023_3166_3170,0.77743375
333,2023_3166_3381,0.61145973
334,2023_3166_3221,0.7741648
335,2023_3166_3313,0.7635363
336,2023_3166_3390,0.25456983
337,2023_3166_3234,0.4027139
338,2023_3166_3181,0.33872265
339,2023_3166_3400,0.40208924
340,2023_3166_3257,0.44337156
341,2023_3160_3166,0.50014347
342,2023_3166_3199,0.50348413
343,2023_3166_3279,0.50575006
344,2023_3166_3211,0.52446866
345,2023_3166_3208,0.5405047
346,2023_3166_3292,0.60851884
347,2023_3166_3179,0.58107305
348,2023_3166_3187,0.6733934
349,2023_3166_3233,0.73985577
350,2023_3166_3368,0.70308053
351,2023_3166_3357,0.83256567
352,2023_3166_3380,0.7513957
353,2023_3166_3231,0.34342405
354,2023_3166_3428,0.39079514
355,2023_3166_3261,0.42024684
356,2023_3166_3437,0.43441576
357,2023_3166_3450,0.44292384
358,2023_3166_3276,0.47631764
359,2023_3166_3301,0.46355128
360,2023_3166_3329,0.4888003
361,2023_3166_3274,0.5014702
362,2023_3166_3343,0.5357566
363,2023_3166_3424,0.6070353
364,2023_3166_3195,0.5482508
365,2023_3156_3166,0.42223668
366,2023_3166_3218,0.6541353
367,2023_3166_3205,0.7417283
368,2023_3166_3284,0.83101755
369,2023_3166_3399,0.6855089
370,2023_3166_3439,0.3958143
371,2023_3163_3166,0.73495597
372,2023_3166_3326,0.43069473
373,2023_3166_3397,0.3938247
374,2023_3166_3235,0.45955434
375,2023_3166_3314,0.43104285
376,2023_3124_3166,0.49668425
377,2023_3166_3425,0.46214485
378,2023_3166_3355,0.43716642
379,2023_3104_3166,0.4286502
380,2023_3166_3345,0.5337353
381,2023_3166_3385,0.61147547
382,2023_3166_3405,0.5748036
383,2023_3166_3387,0.7478546
384,2023_3166_3241,0.68469733
385,2023_3166_3436,0.71494347
386,2023_3151_3166,0.2113364
387,2023_3112_3378,0.52210337
388,2023_3112_3266,0.4981313
389,2023_3112_3452,0.6252594
390,2023_3112_3228,0.6113505
391,2023_3112_3280,0.562026
392,2023_3112_3339,0.6921416
393,2023_3112_3170,0.8038872
394,2023_3112_3381,0.6460072
395,2023_3112_3221,0.7932651
396,2023_3112_3313,0.7516751
397,2023_3112_3390,0.29435888
398,2023_3112_3234,0.47282007
399,2023_3112_3181,0.33749425
400,2023_3112_3400,0.42463443
401,2023_3112_3257,0.47934195
402,2023_3112_3160,0.5116477
403,2023_3112_3199,0.5490272
404,2023_3112_3279,0.5274401
405,2023_3112_3211,0.5608204
406,2023_3112_3208,0.553509
407,2023_3112_3292,0.65693927
408,2023_3112_3179,0.6302677
409,2023_3112_3187,0.68860376
410,2023_3112_3233,0.7516113
411,2023_3112_3368,0.7164384
412,2023_3112_3357,0.849228
413,2023_3112_3380,0.76747644
414,2023_3112_3231,0.40134373
415,2023_3112_3428,0.4430504
416,2023_3112_3261,0.44295824
417,2023_3112_3437,0.46286523
418,2023_3112_3450,0.48902535
419,2023_3112_3276,0.5023818
420,2023_3112_3301,0.49493012
421,2023_3112_3329,0.53496855
422,2023_3112_3274,0.5248575
423,2023_3112_3343,0.540236
424,2023_3112_3424,0.66220355
425,2023_3112_3195,0.5761602
426,2023_3112_3156,0.60875356
427,2023_3112_3218,0.6933656
428,2023_3112_3205,0.77360547
429,2023_3112_3284,0.85919464
430,2023_3112_3399,0.7183708
431,2023_3112_3439,0.42523083
432,2023_3112_3163,0.30898255
433,2023_3112_3326,0.48469034
434,2023_3112_3397,0.46673197
435,2023_3112_3235,0.51374716
436,2023_3112_3314,0.46069407
437,2023_3112_3124,0.5509274
438,2023_3112_3425,0.48546237
439,2023_3112_3355,0.4675489
440,2023_3104_3112,0.41407895
441,2023_3112_3345,0.5783682
442,2023_3112_3385,0.6533183
443,2023_3112_3405,0.61028314
444,2023_3112_3387,0.78493476
445,2023_3112_3241,0.72518253
446,2023_3112_3436,0.72035813
447,2023_3112_3151,0.81580484
448,2023_3266_3378,0.5318563
449,2023_3378_3452,0.6185523
450,2023_3228_3378,0.3992874
451,2023_3280_3378,0.43750134
452,2023_3339_3378,0.3020817
453,2023_3170_3378,0.17057866
454,2023_3378_3381,0.67492163
455,2023_3221_3378,0.17220902
456,2023_3313_3378,0.21099572
457,2023_3378_3390,0.25773674
458,2023_3234_3378,0.56795764
459,2023_3181_3378,0.6901746
460,2023_3378_3400,0.39049673
461,2023_3257_3378,0.5499953
462,2023_3160_3378,0.5072268
463,2023_3199_3378,0.46962893
464,2023_3279_3378,0.48295456
465,2023_3211_3378,0.4475044
466,2023_3208_3378,0.44280383
467,2023_3292_3378,0.33802167
468,2023_3179_3378,0.35516542
469,2023_3187_3378,0.28278452
470,2023_3233_3378,0.21298912
471,2023_3368_3378,0.27329218
472,2023_3357_3378,0.12651637
473,2023_3378_3380,0.7782304
474,2023_3231_3378,0.6399217
475,2023_3378_3428,0.40402716
476,2023_3261_3378,0.5682322
477,2023_3378_3437,0.4393546
478,2023_3378_3450,0.44698304
479,2023_3276_3378,0.5204663
480,2023_3301_3378,0.5187182
481,2023_3329_3378,0.47977656
482,2023_3274_3378,0.49336988
483,2023_3343_3378,0.46151558
484,2023_3378_3424,0.67887557
485,2023_3195_3378,0.4217046
486,2023_3156_3378,0.38222653
487,2023_3218_3378,0.31541803
488,2023_3205_3378,0.19999114
489,2023_3284_3378,0.12507486
490,2023_3378_3399,0.75057685
491,2023_3378_3439,0.38146883
492,2023_3163_3378,0.7413646
493,2023_3326_3378,0.554118
494,2023_3378_3397,0.41515383
495,2023_3235_3378,0.52876234
496,2023_3314_3378,0.57080555
497,2023_3124_3378,0.48726803
498,2023_3378_3425,0.45016053
499,2023_3355_3378,0.5582238
500,2023_3104_3378,0.42089427
501,2023_3345_3378,0.4391167
502,2023_3378_3385,0.6498606
503,2023_3378_3405,0.6309337
504,2023_3378_3387,0.79921037
505,2023_3241_3378,0.24673542
506,2023_3378_3436,0.7464768
507,2023_3151_3378,0.17062464
508,2023_3266_3452,0.6029153
509,2023_3228_3266,0.4108216
510,2023_3266_3280,0.560106
511,2023_3266_3339,0.6729475
512,2023_3170_3266,0.19014497
513,2023_3266_3381,0.64438903
514,2023_3221_3266,0.1998164
515,2023_3266_3313,0.7588709
516,2023_3266_3390,0.3235582
517,2023_3234_3266,0.555598
518,2023_3181_3266,0.6062413
519,2023_3266_3400,0.43834883
520,2023_3257_3266,0.51715606
521,2023_3160_3266,0.47338822
522,2023_3199_3266,0.47165772
523,2023_3266_3279,0.54480314
524,2023_3211_3266,0.4171871
525,2023_3208_3266,0.43269444
526,2023_3266_3292,0.68238413
527,2023_3179_3266,0.3720523
528,2023_3187_3266,0.30292213
529,2023_3233_3266,0.24139898
530,2023_3266_3368,0.7167102
531,2023_3266_3357,0.8455583
532,2023_3266_3380,0.760718
533,2023_3231_3266,0.58084023
534,2023_3266_3428,0.43648753
535,2023_3261_3266,0.55403745
536,2023_3266_3437,0.49370766
537,2023_3266_3450,0.4985006
538,2023_3266_3276,0.4964651
539,2023_3266_3301,0.48488432
540,2023_3266_3329,0.5361943
541,2023_3266_3274,0.5265969
542,2023_3266_3343,0.5620595
543,2023_3266_3424,0.6661223
544,2023_3195_3266,0.42328674
545,2023_3156_3266,0.3627064
546,2023_3218_3266,0.29911155
547,2023_3205_3266,0.23235099
548,2023_3266_3284,0.8599617
549,2023_3266_3399,0.7183411
550,2023_3266_3439,0.43479607
551,2023_3163_3266,0.6739687
552,2023_3266_3326,0.46807462
553,2023_3266_3397,0.45582274
554,2023_3235_3266,0.5050378
555,2023_3266_3314,0.46661448
556,2023_3124_3266,0.46706474
557,2023_3266_3425,0.4941236
558,2023_3266_3355,0.4785959
559,2023_3104_3266,0.41114098
560,2023_3266_3345,0.5782364
561,2023_3266_3385,0.65933335
562,2023_3266_3405,0.63598925
563,2023_3266_3387,0.7682093
564,2023_3241_3266,0.27350813
565,2023_3266_3436,0.72555274
566,2023_3151_3266,0.1799538
567,2023_3228_3452,0.5122334
568,2023_3280_3452,0.50455475
569,2023_3339_3452,0.43528995
570,2023_3170_3452,0.30424798
571,2023_3381_3452,0.47673628
572,2023_3221_3452,0.30209294
573,2023_3313_3452,0.3069845
574,2023_3390_3452,0.8032501
575,2023_3234_3452,0.6867468
576,2023_3181_3452,0.7307553
577,2023_3400_3452,0.69817364
578,2023_3257_3452,0.6393144
579,2023_3160_3452,0.5836662
580,2023_3199_3452,0.56602526
581,2023_3279_3452,0.5793261
582,2023_3211_3452,0.5639306
583,2023_3208_3452,0.51422095
584,2023_3292_3452,0.4643908
585,2023_3179_3452,0.49517715
586,2023_3187_3452,0.4226216
587,2023_3233_3452,0.3288414
588,2023_3368_3452,0.3718909
589,2023_3357_3452,0.24978672
590,2023_3380_3452,0.34536391
591,2023_3231_3452,0.7359313
592,2023_3428_3452,0.67958677
593,2023_3261_3452,0.6877594
594,2023_3437_3452,0.67754215
595,2023_3450_3452,0.64981794
596,2023_3276_3452,0.60225755
597,2023_3301_3452,0.6160872
598,2023_3329_3452,0.5734583
599,2023_3274_3452,0.5415348
600,2023_3343_3452,0.52967346
601,2023_3424_3452,0.4776383
602,2023_3195_3452,0.504875
603,2023_3156_3452,0.47883588
604,2023_3218_3452,0.43316954
605,2023_3205_3452,0.36388534
606,2023_3284_3452,0.25828493
607,2023_3399_3452,0.39977002
608,2023_3439_3452,0.7082797
609,2023_3163_3452,0.78994715
610,2023_3326_3452,0.6620732
611,2023_3397_3452,0.68903077
612,2023_3235_3452,0.6505017
613,2023_3314_3452,0.65039396
614,2023_3124_3452,0.5661248
615,2023_3425_3452,0.61638534
616,2023_3355_3452,0.6493412
617,2023_3104_3452,0.49384016
618,2023_3345_3452,0.51505786
619,2023_3385_3452,0.46635512
620,2023_3405_3452,0.4892755
621,2023_3387_3452,0.37198174
622,2023_3241_3452,0.44275367
623,2023_3436_3452,0.36382395
624,2023_3151_3452,0.2753216
625,2023_3228_3280,0.49913457
626,2023_3228_3339,0.5750779
627,2023_3170_3228,0.3267073
628,2023_3228_3381,0.52432525
629,2023_3221_3228,0.34565854
630,2023_3228_3313,0.6793242
631,2023_3228_3390,0.19543533
632,2023_3228_3234,0.33441997
633,2023_3181_3228,0.7403251
634,2023_3228_3400,0.3155164
635,2023_3228_3257,0.37207362
636,2023_3160_3228,0.57067084
637,2023_3199_3228,0.5516051
638,2023_3228_3279,0.43396217
639,2023_3211_3228,0.5551109
640,2023_3208_3228,0.5130326
641,2023_3228_3292,0.5317217
642,2023_3179_3228,0.4877903
643,2023_3187_3228,0.43442023
644,2023_3228_3233,0.65725476
645,2023_3228_3368,0.588997
646,2023_3228_3357,0.73034894
647,2023_3228_3380,0.642959
648,2023_3228_3231,0.26110244
649,2023_3228_3428,0.31874174
650,2023_3228_3261,0.3418408
651,2023_3228_3437,0.31620473
652,2023_3228_3450,0.3341133
653,2023_3228_3276,0.39651388
654,2023_3228_3301,0.38634297
655,2023_3228_3329,0.41775924
656,2023_3228_3274,0.45498115
657,2023_3228_3343,0.46574783
658,2023_3228_3424,0.52075213
659,2023_3195_3228,0.49731135
660,2023_3156_3228,0.47352216
661,2023_3218_3228,0.44883204
662,2023_3205_3228,0.37418944
663,2023_3228_3284,0.7263403
664,2023_3228_3399,0.5740688
665,2023_3228_3439,0.29221642
666,2023_3163_3228,0.7932763
667,2023_3228_3326,0.35359526
668,2023_3228_3397,0.31322622
669,2023_3228_3235,0.36607233
670,2023_3228_3314,0.34400794
671,2023_3124_3228,0.5550666
672,2023_3228_3425,0.37372005
673,2023_3228_3355,0.35101175
674,2023_3104_3228,0.4847254
675,2023_3228_3345,0.47346708
676,2023_3228_3385,0.5249039
677,2023_3228_3405,0.50403047
678,2023_3228_3387,0.6285348
679,2023_3228_3241,0.55651575
680,2023_3228_3436,0.62322426
681,2023_3151_3228,0.30692917
682,2023_3280_3339,0.5789451
683,2023_3170_3280,0.29865733
684,2023_3280_3381,0.5468073
685,2023_3221_3280,0.32539153
686,2023_3280_3313,0.66322017
687,2023_3280_3390,0.21392661
688,2023_3234_3280,0.6404855
689,2023_3181_3280,0.72524166
690,2023_3280_3400,0.33034953
691,2023_3257_3280,0.6041239
692,2023_3160_3280,0.55520576
693,2023_3199_3280,0.54121655
694,2023_3279_3280,0.5455538
695,2023_3211_3280,0.52060944
696,2023_3208_3280,0.51138854
697,2023_3280_3292,0.54094565
698,2023_3179_3280,0.4786101
699,2023_3187_3280,0.44769433
700,2023_3233_3280,0.33996814
701,2023_3280_3368,0.6132637
702,2023_3280_3357,0.7510661
703,2023_3280_3380,0.66925335
704,2023_3231_3280,0.7129656
705,2023_3280_3428,0.34675813
706,2023_3261_3280,0.6467133
707,2023_3280_3437,0.36482143
708,2023_3280_3450,0.38510823
709,2023_3276_3280,0.5921924
710,2023_3280_3301,0.41893125
711,2023_3280_3329,0.46609998
712,2023_3274_3280,0.5265101
713,2023_3280_3343,0.4834751
714,2023_3280_3424,0.54034877
715,2023_3195_3280,0.49620926
716,2023_3156_3280,0.48099703
717,2023_3218_3280,0.4325835
718,2023_3205_3280,0.35741663
719,2023_3280_3284,0.75109994
720,2023_3280_3399,0.61490107
721,2023_3280_3439,0.29419017
722,2023_3163_3280,0.77915955
723,2023_3280_3326,0.3805708
724,2023_3280_3397,0.35006008
725,2023_3235_3280,0.6131687
726,2023_3280_3314,0.37486398
727,2023_3124_3280,0.5555851
728,2023_3280_3425,0.4053946
729,2023_3280_3355,0.3714229
730,2023_3104_3280,0.4903716
731,2023_3280_3345,0.49927574
732,2023_3280_3385,0.5347098
733,2023_3280_3405,0.5233862
734,2023_3280_3387,0.6455402
735,2023_3241_3280,0.43322444
736,2023_3280_3436,0.6247122
737,2023_3151_3280,0.2826854
738,2023_3170_3339,0.41194037
739,2023_3339_3381,0.46157634
740,2023_3221_3339,0.42500436
741,2023_3313_3339,0.39464882
742,2023_3339_3390,0.14188373
743,2023_3234_3339,0.7404516
744,2023_3181_3339,0.7989713
745,2023_3339_3400,0.23298542
746,2023_3257_3339,0.70253015
747,2023_3160_3339,0.66377795
748,2023_3199_3339,0.6486006
749,2023_3279_3339,0.6523179
750,2023_3211_3339,0.6450981
751,2023_3208_3339,0.5941148
752,2023_3292_3339,0.5249877
753,2023_3179_3339,0.55149215
754,2023_3187_3339,0.48815256
755,2023_3233_3339,0.4238851
756,2023_3339_3368,0.52579683
757,2023_3339_3357,0.6408752
758,2023_3339_3380,0.56096315
759,2023_3231_3339,0.7940843
760,2023_3339_3428,0.2399687
761,2023_3261_3339,0.74787176
762,2023_3339_3437,0.24908677
763,2023_3339_3450,0.2640702
764,2023_3276_3339,0.6945456
765,2023_3301_3339,0.6869941
766,2023_3329_3339,0.65387213
767,2023_3274_3339,0.64037794
768,2023_3339_3343,0.3886358
769,2023_3339_3424,0.47037655
770,2023_3195_3339,0.54681325
771,2023_3156_3339,0.5341524
772,2023_3218_3339,0.5202457
773,2023_3205_3339,0.44365546
774,2023_3284_3339,0.3668438
775,2023_3339_3399,0.5159353
776,2023_3339_3439,0.21552885
777,2023_3163_3339,0.8522364
778,2023_3326_3339,0.7233954
779,2023_3339_3397,0.23236676
780,2023_3235_3339,0.7250121
781,2023_3314_3339,0.7325978
782,2023_3124_3339,0.6594402
783,2023_3339_3425,0.29547444
784,2023_3339_3355,0.26817974
785,2023_3104_3339,0.5385848
786,2023_3339_3345,0.39919084
787,2023_3339_3385,0.45379606
788,2023_3339_3405,0.44223922
789,2023_3339_3387,0.51323617
790,2023_3241_3339,0.51359594
791,2023_3339_3436,0.5566884
792,2023_3151_3339,0.38286138
793,2023_3170_3381,0.3180665
794,2023_3170_3221,0.4689876
795,2023_3170_3313,0.49792624
796,2023_3170_3390,0.071448594
797,2023_3170_3234,0.15993515
798,2023_3170_3181,0.10320923
799,2023_3170_3400,0.13773145
800,2023_3170_3257,0.16980648
801,2023_3160_3170,0.81123245
802,2023_3170_3199,0.21858329
803,2023_3170_3279,0.1931179
804,2023_3170_3211,0.2025513
805,2023_3170_3208,0.25801465
806,2023_3170_3292,0.3356399
807,2023_3170_3179,0.3123616
808,2023_3170_3187,0.38320416
809,2023_3170_3233,0.47652745
810,2023_3170_3368,0.43690443
811,2023_3170_3357,0.54223317
812,2023_3170_3380,0.4989679
813,2023_3170_3231,0.10497653
814,2023_3170_3428,0.1332123
815,2023_3170_3261,0.1527628
816,2023_3170_3437,0.12589577
817,2023_3170_3450,0.13987213
818,2023_3170_3276,0.16645655
819,2023_3170_3301,0.18965845
820,2023_3170_3329,0.23428251
821,2023_3170_3274,0.23157607
822,2023_3170_3343,0.2195817
823,2023_3170_3424,0.3260458
824,2023_3170_3195,0.34463602
825,2023_3156_3170,0.6877873
826,2023_3170_3218,0.37175885
827,2023_3170_3205,0.4736736
828,2023_3170_3284,0.5370717
829,2023_3170_3399,0.43935835
830,2023_3170_3439,0.10690924
831,2023_3163_3170,0.92611825
832,2023_3170_3326,0.15753771
833,2023_3170_3397,0.1280452
834,2023_3170_3235,0.1760548
835,2023_3170_3314,0.15284434
836,2023_3124_3170,0.78801435
837,2023_3170_3425,0.15601751
838,2023_3170_3355,0.15145883
839,2023_3104_3170,0.6471561
840,2023_3170_3345,0.2665131
841,2023_3170_3385,0.3169034
842,2023_3170_3405,0.28699863
843,2023_3170_3387,0.44890308
844,2023_3170_3241,0.34367144
845,2023_3170_3436,0.46940574
846,2023_3151_3170,0.4697827
847,2023_3221_3381,0.36902496
848,2023_3313_3381,0.401954
849,2023_3381_3390,0.1503788
850,2023_3234_3381,0.6836768
851,2023_3181_3381,0.80083925
852,2023_3381_3400,0.25425172
853,2023_3257_3381,0.677881
854,2023_3160_3381,0.64875126
855,2023_3199_3381,0.5933725
856,2023_3279_3381,0.622473
857,2023_3211_3381,0.59847724
858,2023_3208_3381,0.56554663
859,2023_3292_3381,0.5092195
860,2023_3179_3381,0.5063416
861,2023_3187_3381,0.4794354
862,2023_3233_3381,0.37736344
863,2023_3368_3381,0.45156866
864,2023_3357_3381,0.2974147
865,2023_3380_3381,0.40649712
866,2023_3231_3381,0.7696147
867,2023_3381_3428,0.2769063
868,2023_3261_3381,0.7186602
869,2023_3381_3437,0.26259354
870,2023_3381_3450,0.2734229
871,2023_3276_3381,0.67496544
872,2023_3301_3381,0.645558
873,2023_3329_3381,0.5829189
874,2023_3274_3381,0.58442056
875,2023_3343_3381,0.5890956
876,2023_3381_3424,0.5039114
877,2023_3195_3381,0.5293016
878,2023_3156_3381,0.53427607
879,2023_3218_3381,0.4798882
880,2023_3205_3381,0.40861532
881,2023_3284_3381,0.27416027
882,2023_3381_3399,0.55218124
883,2023_3381_3439,0.22043659
884,2023_3163_3381,0.84236526
885,2023_3326_3381,0.6786763
886,2023_3381_3397,0.26204687
887,2023_3235_3381,0.67923677
888,2023_3314_3381,0.71023774
889,2023_3124_3381,0.6145047
890,2023_3381_3425,0.31286138
891,2023_3355_3381,0.7089126
892,2023_3104_3381,0.5190034
893,2023_3345_3381,0.53957963
894,2023_3381_3385,0.50147885
895,2023_3381_3405,0.476888
896,2023_3381_3387,0.5909586
897,2023_3241_3381,0.47624898
898,2023_3381_3436,0.577334
899,2023_3151_3381,0.32321805
900,2023_3221_3313,0.5034347
901,2023_3221_3390,0.07499525
902,2023_3221_3234,0.17022459
903,2023_3181_3221,0.8969029
904,2023_3221_3400,0.14301597
905,2023_3221_3257,0.18618834
906,2023_3160_3221,0.80785877
907,2023_3199_3221,0.76280934
908,2023_3221_3279,0.20116563
909,2023_3211_3221,0.793468
910,2023_3208_3221,0.72132915
911,2023_3221_3292,0.35549325
912,2023_3179_3221,0.6430912
913,2023_3187_3221,0.5912478
914,2023_3221_3233,0.49858934
915,2023_3221_3368,0.45077026
916,2023_3221_3357,0.5700643
917,2023_3221_3380,0.4970683
918,2023_3221_3231,0.11571558
919,2023_3221_3428,0.14730489
920,2023_3221_3261,0.15721092
921,2023_3221_3437,0.12811384
922,2023_3221_3450,0.1484068
923,2023_3221_3276,0.1885018
924,2023_3221_3301,0.20229931
925,2023_3221_3329,0.2628284
926,2023_3221_3274,0.25057942
927,2023_3221_3343,0.2158367
928,2023_3221_3424,0.37492144
929,2023_3195_3221,0.6624583
930,2023_3156_3221,0.6640723
931,2023_3218_3221,0.609048
932,2023_3205_3221,0.49419665
933,2023_3221_3284,0.57978076
934,2023_3221_3399,0.46208882
935,2023_3221_3439,0.11034577
936,2023_3163_3221,0.9207208
937,2023_3221_3326,0.17289153
938,2023_3221_3397,0.14413887
939,2023_3221_3235,0.17969245
940,2023_3221_3314,0.16411129
941,2023_3124_3221,0.7695118
942,2023_3221_3425,0.16228667
943,2023_3221_3355,0.16515684
944,2023_3104_3221,0.6567066
945,2023_3221_3345,0.28259164
946,2023_3221_3385,0.31827718
947,2023_3221_3405,0.31764448
948,2023_3221_3387,0.48990452
949,2023_3221_3241,0.39142346
950,2023_3221_3436,0.47460026
951,2023_3151_3221,0.4574439
952,2023_3313_3390,0.09067926
953,2023_3234_3313,0.8036122
954,2023_3181_3313,0.86991465
955,2023_3313_3400,0.16579497
956,2023_3257_3313,0.7975265
957,2023_3160_3313,0.78887904
958,2023_3199_3313,0.72909296
959,2023_3279_3313,0.7612014
960,2023_3211_3313,0.7512299
961,2023_3208_3313,0.6744236
962,2023_3292_3313,0.6389775
963,2023_3179_3313,0.631203
964,2023_3187_3313,0.5743135
965,2023_3233_3313,0.5030454
966,2023_3313_3368,0.44453347
967,2023_3313_3357,0.54569733
968,2023_3313_3380,0.4788525
969,2023_3231_3313,0.8634772
970,2023_3313_3428,0.16686517
971,2023_3261_3313,0.81584835
972,2023_3313_3437,0.15895501
973,2023_3313_3450,0.17915113
974,2023_3276_3313,0.7967069
975,2023_3301_3313,0.765478
976,2023_3313_3329,0.3070559
977,2023_3274_3313,0.7085273
978,2023_3313_3343,0.2680164
979,2023_3313_3424,0.40546867
980,2023_3195_3313,0.6971321
981,2023_3156_3313,0.6488283
982,2023_3218_3313,0.5793936
983,2023_3205_3313,0.49866956
984,2023_3284_3313,0.45338294
985,2023_3313_3399,0.4762186
986,2023_3313_3439,0.13311227
987,2023_3163_3313,0.90452737
988,2023_3313_3326,0.19681986
989,2023_3313_3397,0.16811976
990,2023_3235_3313,0.81471634
991,2023_3313_3314,0.1853674
992,2023_3124_3313,0.77337456
993,2023_3313_3425,0.20068708
994,2023_3313_3355,0.19437039
995,2023_3104_3313,0.66144884
996,2023_3313_3345,0.3527848
997,2023_3313_3385,0.36061215
998,2023_3313_3405,0.37089807
999,2023_3313_3387,0.49390832
1000,2023_3241_3313,0.58543324
1001,2023_3313_3436,0.45980823
1002,2023_3151_3313,0.48885822
1003,2023_3234_3390,0.3736561
1004,2023_3181_3390,0.44018668
1005,2023_3390_3400,0.6240566
1006,2023_3257_3390,0.36653942
1007,2023_3160_3390,0.28530714
1008,2023_3199_3390,0.26344672
1009,2023_3279_3390,0.26284802
1010,2023_3211_3390,0.21078148
1011,2023_3208_3390,0.2124129
1012,2023_3292_3390,0.13868237
1013,2023_3179_3390,0.1707578
1014,2023_3187_3390,0.12115759
1015,2023_3233_3390,0.0977453
1016,2023_3368_3390,0.11148863
1017,2023_3357_3390,0.05389421
1018,2023_3380_3390,0.10295195
1019,2023_3231_3390,0.42569834
1020,2023_3390_3428,0.59032613
1021,2023_3261_3390,0.35020363
1022,2023_3390_3437,0.6814596
1023,2023_3390_3450,0.70266306
1024,2023_3276_3390,0.2980422
1025,2023_3301_3390,0.31902045
1026,2023_3329_3390,0.2415028
1027,2023_3274_3390,0.27962923
1028,2023_3343_3390,0.22151466
1029,2023_3390_3424,0.8622179
1030,2023_3195_3390,0.21533336
1031,2023_3156_3390,0.16176927
1032,2023_3218_3390,0.12715939
1033,2023_3205_3390,0.09219633
1034,2023_3284_3390,0.049809784
1035,2023_3390_3399,0.88853157
1036,2023_3390_3439,0.61774874
1037,2023_3163_3390,0.50559354
1038,2023_3326_3390,0.36398822
1039,2023_3390_3397,0.65033734
1040,2023_3235_3390,0.29681778
1041,2023_3314_3390,0.33697546
1042,2023_3124_3390,0.26883978
1043,2023_3390_3425,0.6940527
1044,2023_3355_3390,0.35976678
1045,2023_3104_3390,0.22836645
1046,2023_3345_3390,0.21433476
1047,2023_3385_3390,0.15833494
1048,2023_3390_3405,0.8353088
1049,2023_3387_3390,0.084920496
1050,2023_3241_3390,0.10445978
1051,2023_3390_3436,0.8788575
1052,2023_3151_3390,0.0720965
1053,2023_3181_3234,0.5508351
1054,2023_3234_3400,0.493314
1055,2023_3234_3257,0.5133512
1056,2023_3160_3234,0.43300635
1057,2023_3199_3234,0.42540973
1058,2023_3234_3279,0.5989573
1059,2023_3211_3234,0.38766164
1060,2023_3208_3234,0.39045286
1061,2023_3234_3292,0.716635
1062,2023_3179_3234,0.3376981
1063,2023_3187_3234,0.2571631
1064,2023_3233_3234,0.20859754
1065,2023_3234_3368,0.7816721
1066,2023_3234_3357,0.8804238
1067,2023_3234_3380,0.8115532
1068,2023_3231_3234,0.5361128
1069,2023_3234_3428,0.4959745
1070,2023_3234_3261,0.48453107
1071,2023_3234_3437,0.51315916
1072,2023_3234_3450,0.51792765
1073,2023_3234_3276,0.53249913
1074,2023_3234_3301,0.53598607
1075,2023_3234_3329,0.5867884
1076,2023_3234_3274,0.5746124
1077,2023_3234_3343,0.62837523
1078,2023_3234_3424,0.7094877
1079,2023_3195_3234,0.3535337
1080,2023_3156_3234,0.3579737
1081,2023_3218_3234,0.2562099
1082,2023_3205_3234,0.19638968
1083,2023_3234_3284,0.8829349
1084,2023_3234_3399,0.76841563
1085,2023_3234_3439,0.5054102
1086,2023_3163_3234,0.6091982
1087,2023_3234_3326,0.50824
1088,2023_3234_3397,0.48440662
1089,2023_3234_3235,0.56575036
1090,2023_3234_3314,0.52508974
1091,2023_3124_3234,0.39762866
1092,2023_3234_3425,0.5763531
1093,2023_3234_3355,0.4982482
1094,2023_3104_3234,0.3235501
1095,2023_3234_3345,0.6382494
1096,2023_3234_3385,0.70130146
1097,2023_3234_3405,0.6771126
1098,2023_3234_3387,0.8122381
1099,2023_3234_3241,0.7704838
1100,2023_3234_3436,0.7757864
1101,2023_3151_3234,0.15033825
1102,2023_3181_3400,0.5454947
1103,2023_3181_3257,0.58489406
1104,2023_3160_3181,0.36000216
1105,2023_3181_3199,0.6651983
1106,2023_3181_3279,0.6776951
1107,2023_3181_3211,0.7332517
1108,2023_3181_3208,0.727967
1109,2023_3181_3292,0.8050535
1110,2023_3179_3181,0.21544781
1111,2023_3181_3187,0.8385442
1112,2023_3181_3233,0.86412627
1113,2023_3181_3368,0.8408699
1114,2023_3181_3357,0.923538
1115,2023_3181_3380,0.8618548
1116,2023_3181_3231,0.4998042
1117,2023_3181_3428,0.52510107
1118,2023_3181_3261,0.5637171
1119,2023_3181_3437,0.6080432
1120,2023_3181_3450,0.63756406
1121,2023_3181_3276,0.61322045
1122,2023_3181_3301,0.62133485
1123,2023_3181_3329,0.69626
1124,2023_3181_3274,0.6747112
1125,2023_3181_3343,0.7125133
1126,2023_3181_3424,0.81361496
1127,2023_3181_3195,0.6926519
1128,2023_3156_3181,0.22477067
1129,2023_3181_3218,0.82905775
1130,2023_3181_3205,0.8776727
1131,2023_3181_3284,0.93077886
1132,2023_3181_3399,0.85320294
1133,2023_3181_3439,0.514202
1134,2023_3163_3181,0.58552825
1135,2023_3181_3326,0.5635902
1136,2023_3181_3397,0.5949572
1137,2023_3181_3235,0.60102665
1138,2023_3181_3314,0.59481096
1139,2023_3124_3181,0.35188675
1140,2023_3181_3425,0.59817827
1141,2023_3181_3355,0.586385
1142,2023_3104_3181,0.30493295
1143,2023_3181_3345,0.7408987
1144,2023_3181_3385,0.7904277
1145,2023_3181_3405,0.7861634
1146,2023_3181_3387,0.88619244
1147,2023_3181_3241,0.8513255
1148,2023_3181_3436,0.8319849
1149,2023_3151_3181,0.09797564
1150,2023_3257_3400,0.468544
1151,2023_3160_3400,0.41795993
1152,2023_3199_3400,0.38999856
1153,2023_3279_3400,0.3953026
1154,2023_3211_3400,0.3426941
1155,2023_3208_3400,0.33485043
1156,2023_3292_3400,0.24856874
1157,2023_3179_3400,0.27716804
1158,2023_3187_3400,0.2148737
1159,2023_3233_3400,0.18529576
1160,2023_3368_3400,0.19563933
1161,2023_3357_3400,0.10212308
1162,2023_3380_3400,0.16576618
1163,2023_3231_3400,0.5321152
1164,2023_3400_3428,0.50122136
1165,2023_3261_3400,0.49885187
1166,2023_3400_3437,0.52507806
1167,2023_3400_3450,0.56094295
1168,2023_3276_3400,0.45305705
1169,2023_3301_3400,0.43976554
1170,2023_3329_3400,0.38179612
1171,2023_3274_3400,0.38073242
1172,2023_3343_3400,0.356725
1173,2023_3400_3424,0.7511059
1174,2023_3195_3400,0.35511744
1175,2023_3156_3400,0.2913553
1176,2023_3218_3400,0.22376779
1177,2023_3205_3400,0.15754679
1178,2023_3284_3400,0.09247817
1179,2023_3399_3400,0.18872046
1180,2023_3400_3439,0.48545188
1181,2023_3163_3400,0.6088925
1182,2023_3326_3400,0.47730136
1183,2023_3397_3400,0.47659487
1184,2023_3235_3400,0.4453051
1185,2023_3314_3400,0.46303108
1186,2023_3124_3400,0.3917026
1187,2023_3400_3425,0.5492089
1188,2023_3355_3400,0.46640867
1189,2023_3104_3400,0.33601058
1190,2023_3345_3400,0.3350001
1191,2023_3385_3400,0.26589417
1192,2023_3400_3405,0.7135795
1193,2023_3387_3400,0.141466
1194,2023_3241_3400,0.19584598
1195,2023_3400_3436,0.79440486
1196,2023_3151_3400,0.12666973
1197,2023_3160_3257,0.45955962
1198,2023_3199_3257,0.4360885
1199,2023_3257_3279,0.5625051
1200,2023_3211_3257,0.39932036
1201,2023_3208_3257,0.40975723
1202,2023_3257_3292,0.6992407
1203,2023_3179_3257,0.33983403
1204,2023_3187_3257,0.28446
1205,2023_3233_3257,0.22183599
1206,2023_3257_3368,0.7540459
1207,2023_3257_3357,0.86595094
1208,2023_3257_3380,0.7839979
1209,2023_3231_3257,0.54909956
1210,2023_3257_3428,0.47650778
1211,2023_3257_3261,0.47824362
1212,2023_3257_3437,0.50926375
1213,2023_3257_3450,0.51235056
1214,2023_3257_3276,0.5110558
1215,2023_3257_3301,0.50666374
1216,2023_3257_3329,0.5580996
1217,2023_3257_3274,0.54147136
1218,2023_3257_3343,0.6012267
1219,2023_3257_3424,0.6917127
1220,2023_3195_3257,0.387723
1221,2023_3156_3257,0.35373053
1222,2023_3218_3257,0.2704791
1223,2023_3205_3257,0.20513642
1224,2023_3257_3284,0.8765876
1225,2023_3257_3399,0.74820304
1226,2023_3257_3439,0.48432526
1227,2023_3163_3257,0.6180695
1228,2023_3257_3326,0.49484685
1229,2023_3257_3397,0.49091995
1230,2023_3235_3257,0.47791767
1231,2023_3257_3314,0.48799145
1232,2023_3124_3257,0.4456544
1233,2023_3257_3425,0.5212698
1234,2023_3257_3355,0.50215745
1235,2023_3104_3257,0.3674025
1236,2023_3257_3345,0.6073404
1237,2023_3257_3385,0.6770469
1238,2023_3257_3405,0.65833217
1239,2023_3257_3387,0.801046
1240,2023_3241_3257,0.25376284
1241,2023_3257_3436,0.7522461
1242,2023_3151_3257,0.16587612
1243,2023_3160_3199,0.5213719
1244,2023_3160_3279,0.5152725
1245,2023_3160_3211,0.54484224
1246,2023_3160_3208,0.5449972
1247,2023_3160_3292,0.65076035
1248,2023_3160_3179,0.6240326
1249,2023_3160_3187,0.69252753
1250,2023_3160_3233,0.7650421
1251,2023_3160_3368,0.7177068
1252,2023_3160_3357,0.8558476
1253,2023_3160_3380,0.75689286
1254,2023_3160_3231,0.37820888
1255,2023_3160_3428,0.41805083
1256,2023_3160_3261,0.45269725
1257,2023_3160_3437,0.45654523
1258,2023_3160_3450,0.46853077
1259,2023_3160_3276,0.48065206
1260,2023_3160_3301,0.4737091
1261,2023_3160_3329,0.5068433
1262,2023_3160_3274,0.49908057
1263,2023_3160_3343,0.5392412
1264,2023_3160_3424,0.6784332
1265,2023_3160_3195,0.5621444
1266,2023_3156_3160,0.37095606
1267,2023_3160_3218,0.66808623
1268,2023_3160_3205,0.7834029
1269,2023_3160_3284,0.8606379
1270,2023_3160_3399,0.7220032
1271,2023_3160_3439,0.3961957
1272,2023_3160_3163,0.2932694
1273,2023_3160_3326,0.44701537
1274,2023_3160_3397,0.43577653
1275,2023_3160_3235,0.4708473
1276,2023_3160_3314,0.4356675
1277,2023_3124_3160,0.49279827
1278,2023_3160_3425,0.44764817
1279,2023_3160_3355,0.4628125
1280,2023_3104_3160,0.42521077
1281,2023_3160_3345,0.5461814
1282,2023_3160_3385,0.63227916
1283,2023_3160_3405,0.62135184
1284,2023_3160_3387,0.7803063
1285,2023_3160_3241,0.7251101
1286,2023_3160_3436,0.72843456
1287,2023_3151_3160,0.18984774
1288,2023_3199_3279,0.49231544
1289,2023_3199_3211,0.5082245
1290,2023_3199_3208,0.5207588
1291,2023_3199_3292,0.6022329
1292,2023_3179_3199,0.4208419
1293,2023_3187_3199,0.37428713
1294,2023_3199_3233,0.73679066
1295,2023_3199_3368,0.6721368
1296,2023_3199_3357,0.8232633
1297,2023_3199_3380,0.7277981
1298,2023_3199_3231,0.35601622
1299,2023_3199_3428,0.42353833
1300,2023_3199_3261,0.4067788
1301,2023_3199_3437,0.40394422
1302,2023_3199_3450,0.4152571
1303,2023_3199_3276,0.46597952
1304,2023_3199_3301,0.4442605
1305,2023_3199_3329,0.49155968
1306,2023_3199_3274,0.50204873
1307,2023_3199_3343,0.5134839
1308,2023_3199_3424,0.6089829
1309,2023_3195_3199,0.4444874
1310,2023_3156_3199,0.4374689
1311,2023_3199_3218,0.6488939
1312,2023_3199_3205,0.7244463
1313,2023_3199_3284,0.8288226
1314,2023_3199_3399,0.6805295
1315,2023_3199_3439,0.39036578
1316,2023_3163_3199,0.7143328
1317,2023_3199_3326,0.43676388
1318,2023_3199_3397,0.37909204
1319,2023_3199_3235,0.4621065
1320,2023_3199_3314,0.4128273
1321,2023_3124_3199,0.4997826
1322,2023_3199_3425,0.45657262
1323,2023_3199_3355,0.4085477
1324,2023_3104_3199,0.4236557
1325,2023_3199_3345,0.5356654
1326,2023_3199_3385,0.60162497
1327,2023_3199_3405,0.56275415
1328,2023_3199_3387,0.72956324
1329,2023_3199_3241,0.67310965
1330,2023_3199_3436,0.69838
1331,2023_3151_3199,0.21942817
1332,2023_3211_3279,0.4707452
1333,2023_3208_3279,0.45765638
1334,2023_3279_3292,0.652673
1335,2023_3179_3279,0.39381596
1336,2023_3187_3279,0.3156404
1337,2023_3233_3279,0.23540965
1338,2023_3279_3368,0.6988797
1339,2023_3279_3357,0.84754014
1340,2023_3279_3380,0.746408
1341,2023_3231_3279,0.64422023
1342,2023_3279_3428,0.4068777
1343,2023_3261_3279,0.56861824
1344,2023_3279_3437,0.4115783
1345,2023_3279_3450,0.42398727
1346,2023_3276_3279,0.52738357
1347,2023_3279_3301,0.4534306
1348,2023_3279_3329,0.49748632
1349,2023_3274_3279,0.49911276
1350,2023_3279_3343,0.5312846
1351,2023_3279_3424,0.6521505
1352,2023_3195_3279,0.4503181
1353,2023_3156_3279,0.3881681
1354,2023_3218_3279,0.33003193
1355,2023_3205_3279,0.23105574
1356,2023_3279_3284,0.86121225
1357,2023_3279_3399,0.71572834
1358,2023_3279_3439,0.3530998
1359,2023_3163_3279,0.7237032
1360,2023_3279_3326,0.4301227
1361,2023_3279_3397,0.40492117
1362,2023_3235_3279,0.5690316
1363,2023_3279_3314,0.42058903
1364,2023_3124_3279,0.4840043
1365,2023_3279_3425,0.43554956
1366,2023_3279_3355,0.44229814
1367,2023_3104_3279,0.44191897
1368,2023_3279_3345,0.5456579
1369,2023_3279_3385,0.61927295
1370,2023_3279_3405,0.6012639
1371,2023_3279_3387,0.76386404
1372,2023_3241_3279,0.29161236
1373,2023_3279_3436,0.71836376
1374,2023_3151_3279,0.18618461
1375,2023_3208_3211,0.49566534
1376,2023_3211_3292,0.6026583
1377,2023_3179_3211,0.41347206
1378,2023_3187_3211,0.32173765
1379,2023_3211_3233,0.74417984
1380,2023_3211_3368,0.67534184
1381,2023_3211_3357,0.8514664
1382,2023_3211_3380,0.7340996
1383,2023_3211_3231,0.29522675
1384,2023_3211_3428,0.3633625
1385,2023_3211_3261,0.3877967
1386,2023_3211_3437,0.3707537
1387,2023_3211_3450,0.37318724
1388,2023_3211_3276,0.41701102
1389,2023_3211_3301,0.43621096
1390,2023_3211_3329,0.4800285
1391,2023_3211_3274,0.47580594
1392,2023_3211_3343,0.49416375
1393,2023_3211_3424,0.62984014
1394,2023_3195_3211,0.45554972
1395,2023_3156_3211,0.43072793
1396,2023_3211_3218,0.6238186
1397,2023_3205_3211,0.22082452
1398,2023_3211_3284,0.8550923
1399,2023_3211_3399,0.70303047
1400,2023_3211_3439,0.32493
1401,2023_3163_3211,0.7887975
1402,2023_3211_3326,0.39395773
1403,2023_3211_3397,0.34112597
1404,2023_3211_3235,0.42307645
1405,2023_3211_3314,0.38468617
1406,2023_3124_3211,0.51917243
1407,2023_3211_3425,0.3988381
1408,2023_3211_3355,0.39710605
1409,2023_3104_3211,0.45824963
1410,2023_3211_3345,0.5146138
1411,2023_3211_3385,0.5793084
1412,2023_3211_3405,0.55862933
1413,2023_3211_3387,0.77143526
1414,2023_3211_3241,0.69980395
1415,2023_3211_3436,0.6946335
1416,2023_3151_3211,0.20835097
1417,2023_3208_3292,0.5805923
1418,2023_3179_3208,0.45697308
1419,2023_3187_3208,0.4004983
1420,2023_3208_3233,0.6835978
1421,2023_3208_3368,0.61438787
1422,2023_3208_3357,0.78499204
1423,2023_3208_3380,0.6938616
1424,2023_3208_3231,0.3166987
1425,2023_3208_3428,0.3463778
1426,2023_3208_3261,0.35179862
1427,2023_3208_3437,0.3760084
1428,2023_3208_3450,0.3872686
1429,2023_3208_3276,0.43605942
1430,2023_3208_3301,0.4364763
1431,2023_3208_3329,0.4856537
1432,2023_3208_3274,0.4851933
1433,2023_3208_3343,0.4869691
1434,2023_3208_3424,0.56558704
1435,2023_3195_3208,0.49247527
1436,2023_3156_3208,0.4568721
1437,2023_3208_3218,0.5984759
1438,2023_3205_3208,0.31380096
1439,2023_3208_3284,0.8005042
1440,2023_3208_3399,0.6415471
1441,2023_3208_3439,0.31360257
1442,2023_3163_3208,0.7745222
1443,2023_3208_3326,0.4068596
1444,2023_3208_3397,0.37633222
1445,2023_3208_3235,0.4155441
1446,2023_3208_3314,0.37619314
1447,2023_3124_3208,0.52268136
1448,2023_3208_3425,0.37731263
1449,2023_3208_3355,0.39083493
1450,2023_3104_3208,0.4829948
1451,2023_3208_3345,0.51450074
1452,2023_3208_3385,0.5537108
1453,2023_3208_3405,0.54340565
1454,2023_3208_3387,0.6974303
1455,2023_3208_3241,0.6145076
1456,2023_3208_3436,0.6474783
1457,2023_3151_3208,0.25433218
1458,2023_3179_3292,0.50636345
1459,2023_3187_3292,0.46603274
1460,2023_3233_3292,0.39566535
1461,2023_3292_3368,0.54471797
1462,2023_3292_3357,0.7639655
1463,2023_3292_3380,0.628096
1464,2023_3231_3292,0.79712474
1465,2023_3292_3428,0.25854033
1466,2023_3261_3292,0.7114943
1467,2023_3292_3437,0.25624567
1468,2023_3292_3450,0.28066057
1469,2023_3276_3292,0.68333906
1470,2023_3292_3301,0.3330379
1471,2023_3292_3329,0.3957101
1472,2023_3274_3292,0.5987284
1473,2023_3292_3343,0.37809652
1474,2023_3292_3424,0.513532
1475,2023_3195_3292,0.5240128
1476,2023_3156_3292,0.51034474
1477,2023_3218_3292,0.48480093
1478,2023_3205_3292,0.33439505
1479,2023_3284_3292,0.24050774
1480,2023_3292_3399,0.57169646
1481,2023_3292_3439,0.21725911
1482,2023_3163_3292,0.8622365
1483,2023_3292_3326,0.29237366
1484,2023_3292_3397,0.25091353
1485,2023_3235_3292,0.6845226
1486,2023_3292_3314,0.2866267
1487,2023_3124_3292,0.6234821
1488,2023_3292_3425,0.29284644
1489,2023_3292_3355,0.2987767
1490,2023_3104_3292,0.525509
1491,2023_3292_3345,0.4328441
1492,2023_3292_3385,0.46719304
1493,2023_3292_3405,0.4694872
1494,2023_3292_3387,0.65530753
1495,2023_3241_3292,0.4579708
1496,2023_3292_3436,0.57018423
1497,2023_3151_3292,0.32179725
1498,2023_3179_3187,0.51888186
1499,2023_3179_3233,0.61825776
1500,2023_3179_3368,0.5691527
1501,2023_3179_3357,0.7325239
1502,2023_3179_3380,0.64377284
1503,2023_3179_3231,0.2432837
1504,2023_3179_3428,0.2975873
1505,2023_3179_3261,0.30734062
1506,2023_3179_3437,0.28554356
1507,2023_3179_3450,0.29807094
1508,2023_3179_3276,0.35262972
1509,2023_3179_3301,0.36677366
1510,2023_3179_3329,0.4140547
1511,2023_3179_3274,0.4304214
1512,2023_3179_3343,0.43019512
1513,2023_3179_3424,0.5087075
1514,2023_3179_3195,0.49435157
1515,2023_3156_3179,0.52333575
1516,2023_3179_3218,0.53829646
1517,2023_3179_3205,0.6193718
1518,2023_3179_3284,0.7394452
1519,2023_3179_3399,0.5713971
1520,2023_3179_3439,0.24926326
1521,2023_3163_3179,0.8264626
1522,2023_3179_3326,0.34255552
1523,2023_3179_3397,0.2778027
1524,2023_3179_3235,0.34332985
1525,2023_3179_3314,0.31625104
1526,2023_3124_3179,0.5934286
1527,2023_3179_3425,0.3399259
1528,2023_3179_3355,0.30074036
1529,2023_3104_3179,0.49436206
1530,2023_3179_3345,0.45094132
1531,2023_3179_3385,0.5071282
1532,2023_3179_3405,0.49445236
1533,2023_3179_3387,0.61651385
1534,2023_3179_3241,0.53295213
1535,2023_3179_3436,0.59672165
1536,2023_3151_3179,0.3019778
1537,2023_3187_3233,0.57734895
1538,2023_3187_3368,0.51291454
1539,2023_3187_3357,0.6713059
1540,2023_3187_3380,0.5453682
1541,2023_3187_3231,0.18319158
1542,2023_3187_3428,0.22553042
1543,2023_3187_3261,0.24703953
1544,2023_3187_3437,0.21222402
1545,2023_3187_3450,0.23150103
1546,2023_3187_3276,0.29713446
1547,2023_3187_3301,0.31300128
1548,2023_3187_3329,0.36720118
1549,2023_3187_3274,0.38209116
1550,2023_3187_3343,0.3464433
1551,2023_3187_3424,0.4834121
1552,2023_3187_3195,0.42492867
1553,2023_3156_3187,0.5314194
1554,2023_3187_3218,0.47936687
1555,2023_3187_3205,0.5956753
1556,2023_3187_3284,0.69527006
1557,2023_3187_3399,0.5261084
1558,2023_3187_3439,0.17168412
1559,2023_3163_3187,0.876789
1560,2023_3187_3326,0.2665252
1561,2023_3187_3397,0.23086369
1562,2023_3187_3235,0.28147113
1563,2023_3187_3314,0.25132623
1564,2023_3124_3187,0.64876616
1565,2023_3187_3425,0.2492949
1566,2023_3187_3355,0.2562113
1567,2023_3104_3187,0.55857146
1568,2023_3187_3345,0.40291908
1569,2023_3187_3385,0.43436182
1570,2023_3187_3405,0.44243532
1571,2023_3187_3387,0.56346154
1572,2023_3187_3241,0.497055
1573,2023_3187_3436,0.5357958
1574,2023_3151_3187,0.37741384
1575,2023_3233_3368,0.4683693
1576,2023_3233_3357,0.5723855
1577,2023_3233_3380,0.49831426
1578,2023_3231_3233,0.8571731
1579,2023_3233_3428,0.18003449
1580,2023_3233_3261,0.1989981
1581,2023_3233_3437,0.1665571
1582,2023_3233_3450,0.18516189
1583,2023_3233_3276,0.22194925
1584,2023_3233_3301,0.24078535
1585,2023_3233_3329,0.29435295
1586,2023_3233_3274,0.28725582
1587,2023_3233_3343,0.27375498
1588,2023_3233_3424,0.40212625
1589,2023_3195_3233,0.63251275
1590,2023_3156_3233,0.6310117
1591,2023_3218_3233,0.5845002
1592,2023_3205_3233,0.49041456
1593,2023_3233_3284,0.5875318
1594,2023_3233_3399,0.4672338
1595,2023_3233_3439,0.1412324
1596,2023_3163_3233,0.89900833
1597,2023_3233_3326,0.20978336
1598,2023_3233_3397,0.1743373
1599,2023_3233_3235,0.20521243
1600,2023_3233_3314,0.20370154
1601,2023_3124_3233,0.74114025
1602,2023_3233_3425,0.19967216
1603,2023_3233_3355,0.19987038
1604,2023_3104_3233,0.641042
1605,2023_3233_3345,0.32689327
1606,2023_3233_3385,0.3682201
1607,2023_3233_3405,0.36885995
1608,2023_3233_3387,0.49051517
1609,2023_3233_3241,0.422926
1610,2023_3233_3436,0.4725079
1611,2023_3151_3233,0.46573442
1612,2023_3357_3368,0.38917196
1613,2023_3368_3380,0.53674203
1614,2023_3231_3368,0.83260286
1615,2023_3368_3428,0.18879424
1616,2023_3261_3368,0.7881174
1617,2023_3368_3437,0.21068442
1618,2023_3368_3450,0.22836553
1619,2023_3276_3368,0.743377
1620,2023_3301_3368,0.7252091
1621,2023_3329_3368,0.6485895
1622,2023_3274_3368,0.65945506
1623,2023_3343_3368,0.6613749
1624,2023_3368_3424,0.4653449
1625,2023_3195_3368,0.6137058
1626,2023_3156_3368,0.5456773
1627,2023_3218_3368,0.53092325
1628,2023_3205_3368,0.43829912
1629,2023_3284_3368,0.38323605
1630,2023_3368_3399,0.5043911
1631,2023_3368_3439,0.16505063
1632,2023_3163_3368,0.8840538
1633,2023_3326_3368,0.7680776
1634,2023_3368_3397,0.20791389
1635,2023_3235_3368,0.7484726
1636,2023_3314_3368,0.7768148
1637,2023_3124_3368,0.7022934
1638,2023_3368_3425,0.24030761
1639,2023_3355_3368,0.76778555
1640,2023_3104_3368,0.5978838
1641,2023_3345_3368,0.60170233
1642,2023_3368_3385,0.43841577
1643,2023_3368_3405,0.4345376
1644,2023_3368_3387,0.52191263
1645,2023_3241_3368,0.5165707
1646,2023_3368_3436,0.5159576
1647,2023_3151_3368,0.425914
1648,2023_3357_3380,0.46620363
1649,2023_3231_3357,0.92023647
1650,2023_3357_3428,0.10319556
1651,2023_3261_3357,0.8955306
1652,2023_3357_3437,0.094781265
1653,2023_3357_3450,0.11283279
1654,2023_3276_3357,0.86021125
1655,2023_3301_3357,0.84555054
1656,2023_3329_3357,0.79627675
1657,2023_3274_3357,0.80076766
1658,2023_3343_3357,0.84568703
1659,2023_3357_3424,0.25932765
1660,2023_3195_3357,0.7702309
1661,2023_3156_3357,0.7539233
1662,2023_3218_3357,0.68006206
1663,2023_3205_3357,0.5679462
1664,2023_3284_3357,0.50324565
1665,2023_3357_3399,0.40816295
1666,2023_3357_3439,0.08260615
1667,2023_3163_3357,0.9426642
1668,2023_3326_3357,0.8753537
1669,2023_3357_3397,0.102969214
1670,2023_3235_3357,0.865021
1671,2023_3314_3357,0.87778914
1672,2023_3124_3357,0.82776666
1673,2023_3357_3425,0.12611088
1674,2023_3355_3357,0.88614655
1675,2023_3104_3357,0.7286267
1676,2023_3345_3357,0.76794636
1677,2023_3357_3385,0.25993985
1678,2023_3357_3405,0.22756755
1679,2023_3357_3387,0.4451788
1680,2023_3241_3357,0.7096993
1681,2023_3357_3436,0.4019618
1682,2023_3151_3357,0.50869536
1683,2023_3231_3380,0.8514285
1684,2023_3380_3428,0.16929314
1685,2023_3261_3380,0.8338518
1686,2023_3380_3437,0.18056116
1687,2023_3380_3450,0.19625516
1688,2023_3276_3380,0.77143794
1689,2023_3301_3380,0.76329887
1690,2023_3329_3380,0.7019458
1691,2023_3274_3380,0.7160444
1692,2023_3343_3380,0.72437453
1693,2023_3380_3424,0.37836152
1694,2023_3195_3380,0.6969967
1695,2023_3156_3380,0.6352552
1696,2023_3218_3380,0.58028007
1697,2023_3205_3380,0.51172656
1698,2023_3284_3380,0.46732724
1699,2023_3380_3399,0.46967345
1700,2023_3380_3439,0.15123554
1701,2023_3163_3380,0.8935932
1702,2023_3326_3380,0.80046535
1703,2023_3380_3397,0.17673853
1704,2023_3235_3380,0.7879748
1705,2023_3314_3380,0.80481124
1706,2023_3124_3380,0.7422814
1707,2023_3380_3425,0.21279675
1708,2023_3355_3380,0.8065158
1709,2023_3104_3380,0.6445974
1710,2023_3345_3380,0.6538308
1711,2023_3380_3385,0.3958568
1712,2023_3380_3405,0.3641958
1713,2023_3380_3387,0.47111723
1714,2023_3241_3380,0.5917179
1715,2023_3380_3436,0.48032182
1716,2023_3151_3380,0.46949488
1717,2023_3231_3428,0.5323465
1718,2023_3231_3261,0.5417148
1719,2023_3231_3437,0.56693554
1720,2023_3231_3450,0.57115674
1721,2023_3231_3276,0.59440434
1722,2023_3231_3301,0.57068676
1723,2023_3231_3329,0.65957695
1724,2023_3231_3274,0.621828
1725,2023_3231_3343,0.6834308
1726,2023_3231_3424,0.7960348
1727,2023_3195_3231,0.2934195
1728,2023_3156_3231,0.24942712
1729,2023_3218_3231,0.19331478
1730,2023_3205_3231,0.13395238
1731,2023_3231_3284,0.9242034
1732,2023_3231_3399,0.8382864
1733,2023_3231_3439,0.5339261
1734,2023_3163_3231,0.5607947
1735,2023_3231_3326,0.54429686
1736,2023_3231_3397,0.5197445
1737,2023_3231_3235,0.60436416
1738,2023_3231_3314,0.5670341
1739,2023_3124_3231,0.34660444
1740,2023_3231_3425,0.5929178
1741,2023_3231_3355,0.5335126
1742,2023_3104_3231,0.296719
1743,2023_3231_3345,0.7097477
1744,2023_3231_3385,0.76418805
1745,2023_3231_3405,0.7618393
1746,2023_3231_3387,0.8748155
1747,2023_3231_3241,0.84013176
1748,2023_3231_3436,0.82895434
1749,2023_3151_3231,0.10490875
1750,2023_3261_3428,0.50148284
1751,2023_3428_3437,0.5275931
1752,2023_3428_3450,0.55293894
1753,2023_3276_3428,0.45313576
1754,2023_3301_3428,0.4592805
1755,2023_3329_3428,0.40696272
1756,2023_3274_3428,0.411767
1757,2023_3343_3428,0.35627937
1758,2023_3424_3428,0.27114236
1759,2023_3195_3428,0.36013067
1760,2023_3156_3428,0.30714965
1761,2023_3218_3428,0.22631204
1762,2023_3205_3428,0.17580627
1763,2023_3284_3428,0.09872975
1764,2023_3399_3428,0.19709836
1765,2023_3428_3439,0.49656716
1766,2023_3163_3428,0.5928544
1767,2023_3326_3428,0.4880742
1768,2023_3397_3428,0.4970912
1769,2023_3235_3428,0.43576312
1770,2023_3314_3428,0.46849254
1771,2023_3124_3428,0.41679218
1772,2023_3425_3428,0.43252397
1773,2023_3355_3428,0.4890033
1774,2023_3104_3428,0.3390083
1775,2023_3345_3428,0.35341746
1776,2023_3385_3428,0.27406454
1777,2023_3405_3428,0.2809329
1778,2023_3387_3428,0.15772277
1779,2023_3241_3428,0.20724815
1780,2023_3428_3436,0.7929838
1781,2023_3151_3428,0.13280857
1782,2023_3261_3437,0.50724673
1783,2023_3261_3450,0.5323082
1784,2023_3261_3276,0.5391189
1785,2023_3261_3301,0.5467893
1786,2023_3261_3329,0.61432874
1787,2023_3261_3274,0.6080878
1788,2023_3261_3343,0.59877515
1789,2023_3261_3424,0.6874235
1790,2023_3195_3261,0.3761708
1791,2023_3156_3261,0.3325506
1792,2023_3218_3261,0.22941509
1793,2023_3205_3261,0.19750625
1794,2023_3261_3284,0.90224254
1795,2023_3261_3399,0.7976974
1796,2023_3261_3439,0.48055744
1797,2023_3163_3261,0.63466
1798,2023_3261_3326,0.524767
1799,2023_3261_3397,0.51356745
1800,2023_3235_3261,0.44635916
1801,2023_3261_3314,0.52514017
1802,2023_3124_3261,0.41418737
1803,2023_3261_3425,0.5491027
1804,2023_3261_3355,0.51800525
1805,2023_3104_3261,0.34505367
1806,2023_3261_3345,0.6452646
1807,2023_3261_3385,0.70219266
1808,2023_3261_3405,0.68107176
1809,2023_3261_3387,0.8459539
1810,2023_3241_3261,0.22213326
1811,2023_3261_3436,0.7755358
1812,2023_3151_3261,0.13405563
1813,2023_3437_3450,0.50567293
1814,2023_3276_3437,0.48125494
1815,2023_3301_3437,0.48438567
1816,2023_3329_3437,0.4219076
1817,2023_3274_3437,0.4456054
1818,2023_3343_3437,0.37566683
1819,2023_3424_3437,0.22776133
1820,2023_3195_3437,0.36736506
1821,2023_3156_3437,0.2857861
1822,2023_3218_3437,0.24327105
1823,2023_3205_3437,0.14942688
1824,2023_3284_3437,0.08975427
1825,2023_3399_3437,0.19055775
1826,2023_3437_3439,0.4548058
1827,2023_3163_3437,0.6798943
1828,2023_3326_3437,0.50856197
1829,2023_3397_3437,0.5288936
1830,2023_3235_3437,0.4803145
1831,2023_3314_3437,0.5115653
1832,2023_3124_3437,0.41348916
1833,2023_3425_3437,0.49446416
1834,2023_3355_3437,0.49551433
1835,2023_3104_3437,0.3683419
1836,2023_3345_3437,0.35041705
1837,2023_3385_3437,0.28160995
1838,2023_3405_3437,0.28632563
1839,2023_3387_3437,0.14896385
1840,2023_3241_3437,0.18522416
1841,2023_3436_3437,0.20670873
1842,2023_3151_3437,0.12778658
1843,2023_3276_3450,0.48906663
1844,2023_3301_3450,0.4885729
1845,2023_3329_3450,0.41748583
1846,2023_3274_3450,0.4503206
1847,2023_3343_3450,0.3916216
1848,2023_3424_3450,0.251753
1849,2023_3195_3450,0.37630934
1850,2023_3156_3450,0.31204993
1851,2023_3218_3450,0.26013333
1852,2023_3205_3450,0.16607279
1853,2023_3284_3450,0.1042197
1854,2023_3399_3450,0.21358034
1855,2023_3439_3450,0.5491668
1856,2023_3163_3450,0.6946001
1857,2023_3326_3450,0.5105525
1858,2023_3397_3450,0.5378316
1859,2023_3235_3450,0.48871762
1860,2023_3314_3450,0.5360987
1861,2023_3124_3450,0.43385792
1862,2023_3425_3450,0.50873756
1863,2023_3355_3450,0.5131112
1864,2023_3104_3450,0.37540263
1865,2023_3345_3450,0.35716796
1866,2023_3385_3450,0.28546378
1867,2023_3405_3450,0.30608016
1868,2023_3387_3450,0.1692168
1869,2023_3241_3450,0.209113
1870,2023_3436_3450,0.21732616
1871,2023_3151_3450,0.14260368
1872,2023_3276_3301,0.49654883
1873,2023_3276_3329,0.52918106
1874,2023_3274_3276,0.47517693
1875,2023_3276_3343,0.568102
1876,2023_3276_3424,0.6932927
1877,2023_3195_3276,0.4060275
1878,2023_3156_3276,0.36148375
1879,2023_3218_3276,0.30181283
1880,2023_3205_3276,0.20972584
1881,2023_3276_3284,0.87202907
1882,2023_3276_3399,0.75093174
1883,2023_3276_3439,0.45037824
1884,2023_3163_3276,0.6856961
1885,2023_3276_3326,0.48212218
1886,2023_3276_3397,0.4562326
1887,2023_3235_3276,0.5080296
1888,2023_3276_3314,0.47315896
1889,2023_3124_3276,0.47715175
1890,2023_3276_3425,0.4936119
1891,2023_3276_3355,0.47693127
1892,2023_3104_3276,0.38705915
1893,2023_3276_3345,0.58307374
1894,2023_3276_3385,0.66427076
1895,2023_3276_3405,0.65541756
1896,2023_3276_3387,0.7904924
1897,2023_3241_3276,0.26602346
1898,2023_3276_3436,0.7516091
1899,2023_3151_3276,0.1691896
1900,2023_3301_3329,0.55244863
1901,2023_3274_3301,0.46250534
1902,2023_3301_3343,0.57265955
1903,2023_3301_3424,0.6576006
1904,2023_3195_3301,0.41098
1905,2023_3156_3301,0.39289325
1906,2023_3218_3301,0.29269546
1907,2023_3205_3301,0.23467639
1908,2023_3284_3301,0.14091665
1909,2023_3301_3399,0.72192085
1910,2023_3301_3439,0.45927253
1911,2023_3163_3301,0.65925765
1912,2023_3301_3326,0.48785543
1913,2023_3301_3397,0.46794814
1914,2023_3235_3301,0.49057376
1915,2023_3301_3314,0.46890414
1916,2023_3124_3301,0.46446568
1917,2023_3301_3425,0.5055851
1918,2023_3301_3355,0.48242277
1919,2023_3104_3301,0.3821759
1920,2023_3301_3345,0.5949105
1921,2023_3301_3385,0.6603844
1922,2023_3301_3405,0.6261449
1923,2023_3301_3387,0.7725693
1924,2023_3241_3301,0.27607763
1925,2023_3301_3436,0.7301837
1926,2023_3151_3301,0.18295789
1927,2023_3274_3329,0.5021472
1928,2023_3329_3343,0.50977874
1929,2023_3329_3424,0.60618716
1930,2023_3195_3329,0.44925955
1931,2023_3156_3329,0.43511656
1932,2023_3218_3329,0.36931795
1933,2023_3205_3329,0.28305635
1934,2023_3284_3329,0.18884927
1935,2023_3329_3399,0.63756317
1936,2023_3329_3439,0.3851037
1937,2023_3163_3329,0.7454028
1938,2023_3326_3329,0.56546295
1939,2023_3329_3397,0.3883542
1940,2023_3235_3329,0.5251987
1941,2023_3314_3329,0.574275
1942,2023_3124_3329,0.48606542
1943,2023_3329_3425,0.4398314
1944,2023_3329_3355,0.40840012
1945,2023_3104_3329,0.44028944
1946,2023_3329_3345,0.5409781
1947,2023_3329_3385,0.6127491
1948,2023_3329_3405,0.5504261
1949,2023_3329_3387,0.71043766
1950,2023_3241_3329,0.33733797
1951,2023_3329_3436,0.67658687
1952,2023_3151_3329,0.23301311
1953,2023_3274_3343,0.51719344
1954,2023_3274_3424,0.589268
1955,2023_3195_3274,0.46312544
1956,2023_3156_3274,0.44409728
1957,2023_3218_3274,0.36238334
1958,2023_3205_3274,0.29580843
1959,2023_3274_3284,0.81700194
1960,2023_3274_3399,0.67091185
1961,2023_3274_3439,0.4006688
1962,2023_3163_3274,0.70937836
1963,2023_3274_3326,0.4496324
1964,2023_3274_3397,0.4181843
1965,2023_3235_3274,0.5307025
1966,2023_3274_3314,0.4335189
1967,2023_3124_3274,0.49453115
1968,2023_3274_3425,0.4470849
1969,2023_3274_3355,0.44016826
1970,2023_3104_3274,0.44666862
1971,2023_3274_3345,0.5322319
1972,2023_3274_3385,0.6077319
1973,2023_3274_3405,0.5707638
1974,2023_3274_3387,0.7108026
1975,2023_3241_3274,0.34897882
1976,2023_3274_3436,0.68138444
1977,2023_3151_3274,0.22598833
1978,2023_3343_3424,0.62691605
1979,2023_3195_3343,0.47464645
1980,2023_3156_3343,0.41844434
1981,2023_3218_3343,0.36816406
1982,2023_3205_3343,0.24705647
1983,2023_3284_3343,0.14720398
1984,2023_3343_3399,0.6842189
1985,2023_3343_3439,0.31223547
1986,2023_3163_3343,0.7779609
1987,2023_3326_3343,0.60575104
1988,2023_3343_3397,0.3790539
1989,2023_3235_3343,0.5976176
1990,2023_3314_3343,0.61581874
1991,2023_3124_3343,0.52294064
1992,2023_3343_3425,0.40047002
1993,2023_3343_3355,0.42599493
1994,2023_3104_3343,0.48031467
1995,2023_3343_3345,0.51336104
1996,2023_3343_3385,0.57857674
1997,2023_3343_3405,0.5753561
1998,2023_3343_3387,0.75336087
1999,2023_3241_3343,0.30206847
2000,2023_3343_3436,0.67516273
2001,2023_3151_3343,0.21364568
2002,2023_3195_3424,0.5232281
2003,2023_3156_3424,0.54514724
2004,2023_3218_3424,0.48589996
2005,2023_3205_3424,0.38108772
2006,2023_3284_3424,0.24635114
2007,2023_3399_3424,0.43660265
2008,2023_3424_3439,0.20092821
2009,2023_3163_3424,0.8545482
2010,2023_3326_3424,0.7044549
2011,2023_3397_3424,0.7588575
2012,2023_3235_3424,0.69307065
2013,2023_3314_3424,0.72178566
2014,2023_3124_3424,0.62273985
2015,2023_3424_3425,0.29427564
2016,2023_3355_3424,0.7131046
2017,2023_3104_3424,0.5049506
2018,2023_3345_3424,0.56734097
2019,2023_3385_3424,0.5300325
2020,2023_3405_3424,0.52985
2021,2023_3387_3424,0.37436992
2022,2023_3241_3424,0.47160912
2023,2023_3424_3436,0.57455134
2024,2023_3151_3424,0.31767064
2025,2023_3156_3195,0.48615062
2026,2023_3195_3218,0.5867354
2027,2023_3195_3205,0.6371625
2028,2023_3195_3284,0.76585054
2029,2023_3195_3399,0.61174494
2030,2023_3195_3439,0.32435843
2031,2023_3163_3195,0.78457785
2032,2023_3195_3326,0.3708697
2033,2023_3195_3397,0.33398548
2034,2023_3195_3235,0.37397438
2035,2023_3195_3314,0.38003093
2036,2023_3124_3195,0.54905427
2037,2023_3195_3425,0.41137078
2038,2023_3195_3355,0.39239556
2039,2023_3104_3195,0.48176718
2040,2023_3195_3345,0.4870336
2041,2023_3195_3385,0.5142162
2042,2023_3195_3405,0.5090081
2043,2023_3195_3387,0.67059624
2044,2023_3195_3241,0.5585672
2045,2023_3195_3436,0.61243916
2046,2023_3151_3195,0.28450698
2047,2023_3156_3218,0.5353345
2048,2023_3156_3205,0.66067386
2049,2023_3156_3284,0.77548206
2050,2023_3156_3399,0.58937126
2051,2023_3156_3439,0.2488079
2052,2023_3156_3163,0.1677259
2053,2023_3156_3326,0.3654586
2054,2023_3156_3397,0.30653042
2055,2023_3156_3235,0.32832813
2056,2023_3156_3314,0.32219335
2057,2023_3124_3156,0.6110252
2058,2023_3156_3425,0.32346565
2059,2023_3156_3355,0.35047537
2060,2023_3104_3156,0.50552213
2061,2023_3156_3345,0.4663344
2062,2023_3156_3385,0.48845822
2063,2023_3156_3405,0.49880555
2064,2023_3156_3387,0.6625366
2065,2023_3156_3241,0.561228
2066,2023_3156_3436,0.5873935
2067,2023_3151_3156,0.31574544
2068,2023_3205_3218,0.40979278
2069,2023_3218_3284,0.7132108
2070,2023_3218_3399,0.5183223
2071,2023_3218_3439,0.20543033
2072,2023_3163_3218,0.8645816
2073,2023_3218_3326,0.26895845
2074,2023_3218_3397,0.22764471
2075,2023_3218_3235,0.29620218
2076,2023_3218_3314,0.24523708
2077,2023_3124_3218,0.64138997
2078,2023_3218_3425,0.25708812
2079,2023_3218_3355,0.25423446
2080,2023_3104_3218,0.5616202
2081,2023_3218_3345,0.41392985
2082,2023_3218_3385,0.4876058
2083,2023_3218_3405,0.45986366
2084,2023_3218_3387,0.5906656
2085,2023_3218_3241,0.51543254
2086,2023_3218_3436,0.5572959
2087,2023_3151_3218,0.36195517
2088,2023_3205_3284,0.57058585
2089,2023_3205_3399,0.46438792
2090,2023_3205_3439,0.13575289
2091,2023_3163_3205,0.9017192
2092,2023_3205_3326,0.19910794
2093,2023_3205_3397,0.1577721
2094,2023_3205_3235,0.2052614
2095,2023_3205_3314,0.18687761
2096,2023_3124_3205,0.73529303
2097,2023_3205_3425,0.19589728
2098,2023_3205_3355,0.18431781
2099,2023_3104_3205,0.59568024
2100,2023_3205_3345,0.31411442
2101,2023_3205_3385,0.34586316
2102,2023_3205_3405,0.3401693
2103,2023_3205_3387,0.48962912
2104,2023_3205_3241,0.3928058
2105,2023_3205_3436,0.47482908
2106,2023_3151_3205,0.464894
2107,2023_3284_3399,0.38683188
2108,2023_3284_3439,0.07648282
2109,2023_3163_3284,0.94688505
2110,2023_3284_3326,0.11605025
2111,2023_3284_3397,0.0930531
2112,2023_3235_3284,0.86406404
2113,2023_3284_3314,0.10878518
2114,2023_3124_3284,0.83065397
2115,2023_3284_3425,0.11520267
2116,2023_3284_3355,0.10558995
2117,2023_3104_3284,0.7216022
2118,2023_3284_3345,0.213825
2119,2023_3284_3385,0.24698155
2120,2023_3284_3405,0.22594362
2121,2023_3284_3387,0.41502282
2122,2023_3241_3284,0.7213664
2123,2023_3284_3436,0.40937367
2124,2023_3151_3284,0.50643766
2125,2023_3399_3439,0.16551256
2126,2023_3163_3399,0.88499403
2127,2023_3326_3399,0.7633817
2128,2023_3397_3399,0.8051176
2129,2023_3235_3399,0.75245166
2130,2023_3314_3399,0.78350854
2131,2023_3124_3399,0.699317
2132,2023_3399_3425,0.2313264
2133,2023_3355_3399,0.782329
2134,2023_3104_3399,0.58116484
2135,2023_3345_3399,0.6044543
2136,2023_3385_3399,0.5562165
2137,2023_3399_3405,0.42141354
2138,2023_3387_3399,0.48423147
2139,2023_3241_3399,0.5304344
2140,2023_3399_3436,0.5096902
2141,2023_3151_3399,0.42620218
2142,2023_3163_3439,0.60274553
2143,2023_3326_3439,0.4939738
2144,2023_3397_3439,0.50576335
2145,2023_3235_3439,0.45045114
2146,2023_3314_3439,0.46605617
2147,2023_3124_3439,0.39796883
2148,2023_3425_3439,0.44446504
2149,2023_3355_3439,0.46794486
2150,2023_3104_3439,0.332109
2151,2023_3345_3439,0.31029844
2152,2023_3385_3439,0.23636626
2153,2023_3405_3439,0.24202113
2154,2023_3387_3439,0.13248333
2155,2023_3241_3439,0.15819785
2156,2023_3436_3439,0.17207491
2157,2023_3151_3439,0.10507557
2158,2023_3163_3326,0.614192
2159,2023_3163_3397,0.63200206
2160,2023_3163_3235,0.6931006
2161,2023_3163_3314,0.6400539
2162,2023_3124_3163,0.2851317
2163,2023_3163_3425,0.6931516
2164,2023_3163_3355,0.6337543
2165,2023_3104_3163,0.23425241
2166,2023_3163_3345,0.77931654
2167,2023_3163_3385,0.83701575
2168,2023_3163_3405,0.82951427
2169,2023_3163_3387,0.90765
2170,2023_3163_3241,0.88940954
2171,2023_3163_3436,0.87792814
2172,2023_3151_3163,0.073251426
2173,2023_3326_3397,0.4787024
2174,2023_3235_3326,0.45771652
2175,2023_3314_3326,0.49819684
2176,2023_3124_3326,0.4195241
2177,2023_3326_3425,0.54095584
2178,2023_3326_3355,0.49078685
2179,2023_3104_3326,0.3471709
2180,2023_3326_3345,0.6181393
2181,2023_3326_3385,0.6885852
2182,2023_3326_3405,0.6705115
2183,2023_3326_3387,0.8093817
2184,2023_3241_3326,0.23916468
2185,2023_3326_3436,0.7720208
2186,2023_3151_3326,0.15587981
2187,2023_3235_3397,0.42540458
2188,2023_3314_3397,0.49980193
2189,2023_3124_3397,0.39536265
2190,2023_3397_3425,0.54676294
2191,2023_3355_3397,0.49375075
2192,2023_3104_3397,0.31864727
2193,2023_3345_3397,0.34098673
2194,2023_3385_3397,0.26359513
2195,2023_3397_3405,0.72439456
2196,2023_3387_3397,0.15323213
2197,2023_3241_3397,0.19832216
2198,2023_3397_3436,0.8020251
2199,2023_3151_3397,0.12907392
2200,2023_3235_3314,0.4759673
2201,2023_3124_3235,0.44513398
2202,2023_3235_3425,0.51200515
2203,2023_3235_3355,0.4724298
2204,2023_3104_3235,0.35510457
2205,2023_3235_3345,0.59505755
2206,2023_3235_3385,0.679981
2207,2023_3235_3405,0.6529625
2208,2023_3235_3387,0.8011986
2209,2023_3235_3241,0.7394979
2210,2023_3235_3436,0.7740563
2211,2023_3151_3235,0.16704702
2212,2023_3124_3314,0.4387181
2213,2023_3314_3425,0.5280231
2214,2023_3314_3355,0.5051559
2215,2023_3104_3314,0.3625065
2216,2023_3314_3345,0.6256843
2217,2023_3314_3385,0.70686555
2218,2023_3314_3405,0.691405
2219,2023_3314_3387,0.8212775
2220,2023_3241_3314,0.22605176
2221,2023_3314_3436,0.775248
2222,2023_3151_3314,0.14843193
2223,2023_3124_3425,0.46447974
2224,2023_3124_3355,0.44095147
2225,2023_3104_3124,0.42487362
2226,2023_3124_3345,0.53004336
2227,2023_3124_3385,0.6138592
2228,2023_3124_3405,0.59112513
2229,2023_3124_3387,0.74401987
2230,2023_3124_3241,0.66084063
2231,2023_3124_3436,0.71244675
2232,2023_3124_3151,0.79229546
2233,2023_3355_3425,0.5146599
2234,2023_3104_3425,0.3957116
2235,2023_3345_3425,0.38158822
2236,2023_3385_3425,0.30060425
2237,2023_3405_3425,0.3133763
2238,2023_3387_3425,0.1995056
2239,2023_3241_3425,0.22514635
2240,2023_3425_3436,0.7667949
2241,2023_3151_3425,0.14812897
2242,2023_3104_3355,0.37417573
2243,2023_3345_3355,0.37024027
2244,2023_3355_3385,0.69476515
2245,2023_3355_3405,0.67296624
2246,2023_3355_3387,0.8319533
2247,2023_3241_3355,0.22320274
2248,2023_3355_3436,0.7683687
2249,2023_3151_3355,0.1479616
2250,2023_3104_3345,0.48502854
2251,2023_3104_3385,0.5173664
2252,2023_3104_3405,0.5154878
2253,2023_3104_3387,0.6149702
2254,2023_3104_3241,0.5412767
2255,2023_3104_3436,0.5967871
2256,2023_3104_3151,0.6933501
2257,2023_3345_3385,0.562303
2258,2023_3345_3405,0.53002214
2259,2023_3345_3387,0.6703043
2260,2023_3241_3345,0.3751417
2261,2023_3345_3436,0.6363051
2262,2023_3151_3345,0.26276857
2263,2023_3385_3405,0.48923284
2264,2023_3385_3387,0.61183155
2265,2023_3241_3385,0.43999943
2266,2023_3385_3436,0.5942017
2267,2023_3151_3385,0.30709803
2268,2023_3387_3405,0.3480928
2269,2023_3241_3405,0.41910183
2270,2023_3405_3436,0.58924365
2271,2023_3151_3405,0.29823706
2272,2023_3241_3387,0.5845834
2273,2023_3387_3436,0.50202394
2274,2023_3151_3387,0.43200165
2275,2023_3241_3436,0.551513
2276,2023_3151_3241,0.3400591
2277,2023_3151_3436,0.4428087
2278,,
2279,,
2280,,
2281,,
2282,,
2283,,
2284,,
2285,,
2286,,
2287,,
2288,,
2289,,
2290,,
2291,,
2292,,
2293,,
2294,,
2295,,
2296,,
2297,,
2298,,
2299,,
2300,,
2301,,
2302,,
2303,,
2304,,
2305,,
2306,,
2307,,
2308,,
2309,,
2310,,
2311,,
2312,,
2313,,
2314,,
2315,,
2316,,
2317,,
2318,,
2319,,
2320,,
2321,,
2322,,
2323,,
2324,,
2325,,
2326,,
2327,,
2328,,
2329,,
2330,,
2331,,
2332,,
2333,,
2334,,
2335,,
2336,,
2337,,
2338,,
2339,,
2340,,
2341,,
2342,,
2343,,
2344,,
2345,,
2346,,
2347,,
2348,,
2349,,
2350,,
2351,,
2352,,
2353,,
2354,,
2355,,
2356,,
2357,,
2358,,
2359,,
2360,,
2361,,
2362,,
2363,,
2364,,
2365,,
2366,,
2367,,
2368,,
2369,,
2370,,
2371,,
2372,,
2373,,
2374,,
2375,,
2376,,
2377,,
2378,,
2379,,
2380,,
2381,,
2382,,
2383,,
2384,,
2385,,
2386,,
2387,,
2388,,
2389,,
2390,,
2391,,
2392,,
2393,,
2394,,
2395,,
2396,,
2397,,
2398,,
2399,,
2400,,
2401,,
2402,,
2403,,
2404,,
2405,,
2406,,
2407,,
2408,,
2409,,
2410,,
2411,,
2412,,
2413,,
2414,,
2415,,
2416,,
2417,,
2418,,
2419,,
2420,,
2421,,
2422,,
2423,,
2424,,
2425,,
2426,,
2427,,
2428,,
2429,,
2430,,
2431,,
2432,,
2433,,
2434,,
2435,,
2436,,
2437,,
2438,,
2439,,
2440,,
2441,,
2442,,
2443,,
2444,,
2445,,
2446,,
2447,,
2448,,
2449,,
2450,,
2451,,
2452,,
2453,,
2454,,
2455,,
2456,,
2457,,
2458,,
2459,,
2460,,
2461,,
2462,,
2463,,
2464,,
2465,,
2466,,
2467,,
2468,,
2469,,
2470,,
2471,,
2472,,
2473,,
2474,,
2475,,
2476,,
2477,,
2478,,
2479,,
2480,,
2481,,
2482,,
2483,,
2484,,
2485,,
2486,,
2487,,
2488,,
2489,,
2490,,
2491,,
2492,,
2493,,
2494,,
2495,,
2496,,
2497,,
2498,,
2499,,
2500,,
2501,,
2502,,
2503,,
2504,,
2505,,
2506,,
2507,,
2508,,
2509,,
2510,,
2511,,
2512,,
2513,,
2514,,
2515,,
2516,,
2517,,
2518,,
2519,,
2520,,
2521,,
2522,,
2523,,
2524,,
2525,,
2526,,
2527,,
2528,,
2529,,
2530,,
2531,,
2532,,
2533,,
2534,,
2535,,
2536,,
2537,,
2538,,
2539,,
2540,,
2541,,
2542,,
2543,,
2544,,
2545,,
2546,,
2547,,
2548,,
2549,,
2550,,
2551,,
2552,,
2553,,
2554,,
2555,,
2556,,
2557,,
2558,,
2559,,
2560,,
2561,,
2562,,
2563,,
2564,,
2565,,
2566,,
2567,,
2568,,
2569,,
2570,,
2571,,
2572,,
2573,,
2574,,
2575,,
2576,,
2577,,
2578,,
2579,,
2580,,
2581,,
2582,,
2583,,
2584,,
2585,,
2586,,
2587,,
2588,,
2589,,
2590,,
2591,,
2592,,
2593,,
2594,,
2595,,
2596,,
2597,,
2598,,
2599,,
2600,,
2601,,
2602,,
2603,,
2604,,
2605,,
2606,,
2607,,
2608,,
2609,,
2610,,
2611,,
2612,,
2613,,
2614,,
2615,,
2616,,
2617,,
2618,,
2619,,
2620,,
2621,,
2622,,
2623,,
2624,,
2625,,
2626,,
2627,,
2628,,
2629,,
2630,,
2631,,
2632,,
2633,,
2634,,
2635,,
2636,,
2637,,
2638,,
2639,,
2640,,
2641,,
2642,,
2643,,
2644,,
2645,,
2646,,
2647,,
2648,,
2649,,
2650,,
2651,,
2652,,
2653,,
2654,,
2655,,
2656,,
2657,,
2658,,
2659,,
2660,,
2661,,
2662,,
2663,,
2664,,
2665,,
2666,,
2667,,
2668,,
2669,,
2670,,
2671,,
2672,,
2673,,
2674,,
2675,,
2676,,
2677,,
2678,,
2679,,
2680,,
2681,,
2682,,
2683,,
2684,,
2685,,
2686,,
2687,,
2688,,
2689,,
2690,,
2691,,
2692,,
2693,,
2694,,
2695,,
2696,,
2697,,
2698,,
2699,,
2700,,
2701,,
2702,,
2703,,
2704,,
2705,,
2706,,
2707,,
2708,,
2709,,
2710,,
2711,,
2712,,
2713,,
2714,,
2715,,
2716,,
2717,,
2718,,
2719,,
2720,,
2721,,
2722,,
2723,,
2724,,
2725,,
2726,,
2727,,
2728,,
2729,,
2730,,
2731,,
2732,,
2733,,
2734,,
2735,,
2736,,
2737,,
2738,,
2739,,
2740,,
2741,,
2742,,
2743,,
2744,,
2745,,
2746,,
2747,,
2748,,
2749,,
2750,,
2751,,
2752,,
2753,,
2754,,
2755,,
2756,,
2757,,
2758,,
2759,,
2760,,
2761,,
2762,,
2763,,
2764,,
2765,,
2766,,
2767,,
2768,,
2769,,
2770,,
2771,,
2772,,
2773,,
2774,,
2775,,
2776,,
2777,,
2778,,
2779,,
2780,,
2781,,
2782,,
2783,,
2784,,
2785,,
2786,,
2787,,
2788,,
2789,,
2790,,
2791,,
2792,,
2793,,
2794,,
2795,,
2796,,
2797,,
2798,,
2799,,
2800,,
2801,,
2802,,
2803,,
2804,,
2805,,
2806,,
2807,,
2808,,
2809,,
2810,,
2811,,
2812,,
2813,,
2814,,
2815,,
2816,,
2817,,
2818,,
2819,,
2820,,
2821,,
2822,,
2823,,
2824,,
2825,,
2826,,
2827,,
2828,,
2829,,
2830,,
2831,,
2832,,
2833,,
2834,,
2835,,
2836,,
2837,,
2838,,
2839,,
2840,,
2841,,
2842,,
2843,,
2844,,
2845,,
2846,,
2847,,
2848,,
2849,,
2850,,
2851,,
2852,,
2853,,
2854,,
2855,,
2856,,
2857,,
2858,,
2859,,
2860,,
2861,,
2862,,
2863,,
2864,,
2865,,
2866,,
2867,,
2868,,
2869,,
2870,,
2871,,
2872,,
2873,,
2874,,
2875,,
2876,,
2877,,
2878,,
2879,,
2880,,
2881,,
2882,,
2883,,
2884,,
2885,,
2886,,
2887,,
2888,,
2889,,
2890,,
2891,,
2892,,
2893,,
2894,,
2895,,
2896,,
2897,,
2898,,
2899,,
2900,,
2901,,
2902,,
2903,,
2904,,
2905,,
2906,,
2907,,
2908,,
2909,,
2910,,
2911,,
2912,,
2913,,
2914,,
2915,,
2916,,
2917,,
2918,,
2919,,
2920,,
2921,,
2922,,
2923,,
2924,,
2925,,
2926,,
2927,,
2928,,
2929,,
2930,,
2931,,
2932,,
2933,,
2934,,
2935,,
2936,,
2937,,
2938,,
2939,,
2940,,
2941,,
2942,,
2943,,
2944,,
2945,,
2946,,
2947,,
2948,,
2949,,
2950,,
2951,,
2952,,
2953,,
2954,,
2955,,
2956,,
2957,,
2958,,
2959,,
2960,,
2961,,
2962,,
2963,,
2964,,
2965,,
2966,,
2967,,
2968,,
2969,,
2970,,
2971,,
2972,,
2973,,
2974,,
2975,,
2976,,
2977,,
2978,,
2979,,
2980,,
2981,,
2982,,
2983,,
2984,,
2985,,
2986,,
2987,,
2988,,
2989,,
2990,,
2991,,
2992,,
2993,,
2994,,
2995,,
2996,,
2997,,
2998,,
2999,,
